Timestamp(ms),Corrente(mA)
10,0.30
124,0.40
237,0.20
350,0.00
463,0.30
576,0.30
689,0.30
802,0.40
915,0.10
1028,0.00
1141,0.20
1254,0.30
1367,0.40
1480,0.30
1593,0.50
1706,0.30
1819,0.30
1932,0.30
2045,0.20
2158,0.00
2271,0.40
2384,-21.30
2497,-37.30
2610,-29.00
2723,-35.90
2836,-33.70
2949,-33.90
3062,-29.30
3175,-34.10
3288,-30.00
3401,-33.90
3514,-29.30
3627,-29.30
3740,-29.80
3853,-34.20
3966,-29.00
4079,-29.20
4192,-35.30
4305,-33.70
4418,-33.90
4531,-29.10
4644,-34.10
4757,-34.90
4870,-29.40
4983,-34.90
5096,-35.20
5209,-29.60
5322,-29.40
5435,-29.50
5548,-29.70
5661,-35.00
5774,-32.20
5887,-29.50
6000,-29.50
6113,-29.40
6226,-29.40
6339,-29.20
6452,-38.50
6565,-38.30
6678,-29.70
6791,-29.40
6904,-29.40
7017,-29.30
7130,-29.50
7243,-34.50
7356,-33.70
7469,-29.30
7582,-29.20
7695,-29.30
7808,-33.90
7921,-33.70
8034,-29.60
8147,-29.50
8260,-35.60
8373,-29.50
8486,-33.70
8599,-29.20
8712,-35.30
8825,-33.70
8938,-29.60
9051,-35.00
9164,-29.50
9277,-29.50
9390,-29.20
9503,-29.50
9616,-34.10
9729,-33.90
9842,-34.90
9955,-29.20
10068,-30.10
10181,-33.20
10294,-29.40
10407,-29.70
10520,-29.60
10633,-33.70
10746,-33.80
10859,-29.40
10972,-35.10
11085,-34.60
11198,-29.60
11311,-29.10
11424,-29.20
11537,-29.30
11650,-35.20
11763,-34.00
11876,-32.80
11989,-33.80
12102,-33.70
12215,-29.60
12328,-34.20
12441,-34.20
12554,-29.40
12667,-29.30
12780,-29.50
12893,-29.20
13006,-29.60
13119,-29.60
13232,-29.60
13345,-29.50
13458,-34.80
13571,-33.80
13684,-34.00
13797,-29.20
13910,-35.30
14023,-35.40
14136,-33.60
14249,-29.10
14362,-29.30
14475,-33.60
14588,-29.60
14701,-29.30
14814,-29.30
14927,-29.40
15040,-34.50
15153,-35.00
15266,-33.90
15379,-33.90
15492,-29.40
15605,-35.50
15718,-34.00
15831,-31.90
15944,-29.40
16057,-29.40
16170,-29.30
16283,-29.60
16396,-29.60
16509,-29.40
16622,-34.10
16735,-33.90
16848,-34.00
16961,-29.20
17074,-35.10
17187,-29.40
17300,-29.40
17413,-29.20
17526,-29.10
17639,-34.70
17752,-35.10
17865,-29.40
17978,-29.70
18091,-33.70
18204,-34.10
18317,-34.20
18430,-35.10
18543,-35.20
18656,-33.20
18769,-34.00
18882,-29.40
18995,-33.70
19108,-34.40
19221,-29.10
19334,-29.30
19447,-29.40
19560,-39.20
19673,-34.60
19786,-35.30
19899,-34.60
20012,-34.60
20125,-29.40
20238,-29.60
20351,-29.30
20464,-34.20
20577,-29.50
20690,-35.10
20803,-29.40
20916,-29.30
21029,-35.00
21142,-29.30
21255,-29.50
21368,-29.60
21481,-32.90
21594,-29.50
21707,-29.20
21820,-29.30
21933,-29.50
22046,-29.30
22159,-33.20
22272,-29.20
22385,-35.10
22498,-33.90
22611,-29.60
22724,-29.30
22837,-29.20
22950,-29.40
23063,-29.20
23176,-38.10
23289,-29.30
23402,-34.40
23515,-35.10
23628,-34.80
23741,-35.00
23854,-29.30
23967,-34.30
24080,-29.50
24193,-29.30
24306,-29.50
24419,-29.40
24532,-29.60
24645,-29.20
24758,-29.80
24871,-29.40
24984,-29.30
25097,-34.90
25210,-29.20
25323,-35.20
25436,-29.40
25549,-29.30
25662,-29.50
25775,-35.10
25888,-33.80
26001,-34.80
26114,-34.10
26227,-35.30
26340,-29.40
26453,-29.40
26566,-35.30
26679,-29.60
26792,-29.40
26905,-29.30
27018,-29.80
27131,-29.50
27244,-34.50
27357,-29.20
27470,-29.40
27583,-35.20
27696,-35.30
27809,-35.00
27922,-33.90
28035,-35.00
28148,-30.10
28261,-34.10
28374,-29.20
28487,-34.50
28600,-29.50
28713,-29.60
28826,-29.30
28939,-34.80
29052,-33.80
29165,-29.40
29278,-29.60
29391,-29.50
29504,-29.50
29617,-38.60
29730,-29.50
29843,-28.90
29956,-34.80
30069,-33.20
30182,-34.10
30295,-29.60
30408,-29.70
30521,-29.40
30634,-29.40
30747,-35.10
30860,-29.60
30973,-29.50
31086,-33.80
31199,-34.30
31312,-29.50
31425,-34.90
31538,-29.60
31651,-33.80
31764,-29.80
31877,-29.50
31990,-29.20
32103,-32.50
32216,-29.40
32329,-29.10
32442,-29.30
32555,-34.10
32668,-29.60
32781,-29.80
32894,-29.60
33007,-29.20
33120,-29.80
33233,-29.50
33346,-35.30
33459,-29.30
33572,-29.50
33685,-33.70
33798,-34.70
33911,-29.50
34024,-29.40
34137,-29.60
34250,-29.20
34363,-29.50
34476,-29.40
34589,-29.50
34702,-29.20
34815,-29.50
34928,-34.60
35041,-29.50
35154,-35.20
35267,-29.60
35380,-33.90
35493,-29.50
35606,-29.30
35719,-34.00
35832,-29.60
35945,-29.40
36058,-34.00
36171,-29.50
36284,-33.90
36397,-35.30
36510,-29.50
36623,-33.80
36736,-29.40
36849,-35.40
36962,-33.40
37075,-34.40
37188,-33.90
37301,-29.90
37414,-34.60
37527,-29.60
37640,-29.30
37753,-29.40
37866,-29.20
37979,-29.20
38092,-29.40
38205,-38.40
38318,-33.50
38431,-34.00
38544,-29.50
38657,-35.50
38770,-29.30
38883,-35.20
38996,-29.20
39109,-33.80
39222,-29.40
39335,-29.30
39448,-34.80
39561,-35.20
39674,-29.30
39787,-34.20
39900,-29.50
40013,-34.20
40126,-34.30
40239,-29.30
40352,-29.20
40465,-33.60
40578,-33.70
40691,-33.90
40804,-33.80
40917,-29.20
41030,-29.60
41143,-33.70
41256,-33.80
41369,-33.70
41482,-29.40
41595,-29.30
41708,-30.00
41821,-29.80
41934,-34.90
42047,-29.10
42160,-33.90
42273,-29.30
42386,-33.80
42499,-33.90
42612,-29.80
42725,-29.20
42838,-29.60
42951,-32.70
43064,-29.60
43177,-29.40
43290,-29.40
43403,-33.70
43516,-33.60
43629,-29.50
43742,-33.80
43855,-37.60
43968,-38.60
44081,-33.50
44194,-31.00
44307,-33.80
44420,-29.60
44533,-29.50
44646,-29.40
44759,-29.30
44872,-29.10
44985,-35.20
45098,-30.10
45211,-29.70
45324,-29.50
45437,-29.80
45550,-32.80
45663,-29.40
45776,-29.50
45889,-29.30
46002,-34.00
46115,-35.00
46228,-35.00
46341,-35.50
46454,-35.00
46567,-29.30
46680,-29.40
46793,-29.50
46906,-29.30
47019,-29.40
47132,-29.60
47245,-33.70
47358,-29.60
47471,-38.50
47584,-29.40
47697,-29.60
47810,-29.20
47923,-29.50
48036,-29.70
48149,-33.00
48262,-35.20
48375,-35.00
48488,-33.80
48601,-33.90
48714,-29.20
48827,-29.30
48940,-33.80
49053,-34.50
49166,-35.20
49279,-29.50
49392,-29.40
49505,-29.30
49618,-30.00
49731,-29.60
49844,-35.10
49957,-29.20
50070,-29.30
50183,-29.60
50296,-35.20
50409,-29.40
50522,-34.90
50635,-29.50
50748,-29.60
50861,-33.80
50974,-35.30
51087,-30.80
51200,-29.20
51313,-29.50
51426,-33.50
51539,-29.40
51652,-29.30
51765,-35.10
51878,-33.50
51991,-35.40
52104,-32.60
52217,-34.70
52330,-33.60
52443,-34.80
52556,-29.50
52669,-32.20
52782,-29.40
52895,-29.30
53008,-33.80
53121,-29.50
53234,-29.40
53347,-29.30
53460,-29.80
53573,-29.40
53686,-29.20
53799,-29.50
53912,-29.50
54025,-34.40
54138,-29.40
54251,-35.30
54364,-35.20
54477,-29.40
54590,-39.00
54703,-33.90
54816,-34.20
54929,-34.20
55042,-29.60
55155,-33.80
55268,-29.90
55381,-29.60
55494,-29.30
55607,-30.10
55720,-32.50
55833,-34.90
55946,-33.10
56059,-29.50
56172,-35.20
56285,-29.80
56398,-29.80
56511,-29.40
56624,-33.80
56737,-29.30
56850,-29.20
56963,-29.80
57076,-29.30
57189,-35.40
57302,-34.30
57415,-29.40
57528,-30.20
57641,-35.30
57754,-29.20
57867,-33.90
57980,-33.90
58093,-29.30
58206,-35.60
58319,-35.30
58432,-33.90
58545,-29.70
58658,-29.30
58771,-29.40
58884,-34.30
58997,-29.20
59110,-29.20
59223,-38.10
59336,-38.00
59449,-29.40
59562,-29.80
59675,-35.50
59788,-35.10
59901,-29.60
60014,-32.20
60127,-29.10
60240,-29.60
60353,-35.50
60466,-29.00
60579,-29.50
60692,-29.50
60805,-35.40
60918,-33.80
61031,-29.60
61144,-29.30
61257,-34.20
61370,-35.20
61483,-29.20
61596,-29.40
61709,-29.50
61822,-29.50
61935,-29.50
62048,-29.60
62161,-29.80
62274,-34.20
62387,-35.20
62500,-35.30
62613,-35.30
62726,-35.30
62839,-29.20
62952,-29.20
63065,-33.90
63178,-29.60
63291,-35.10
63404,-29.30
63517,-29.30
63630,-29.40
63743,-29.80
63856,-29.20
63969,-33.70
64082,-34.40
64195,-34.20
64308,-29.80
64421,-34.50
64534,-29.30
64647,-35.20
64760,-33.80
64873,-29.40
64986,-34.40
65099,-29.40
65212,-33.70
65325,-34.00
65438,-30.70
65551,-34.00
65664,-35.00
65777,-29.60
65890,-29.20
66003,-29.80
66116,-29.20
66229,-35.30
66342,-35.30
66455,-35.10
66568,-34.30
66681,-29.50
66794,-35.20
66907,-29.30
67020,-35.20
67133,-29.30
67246,-33.90
67359,-29.40
67472,-29.40
67585,-29.50
67698,-35.30
67811,-29.60
67924,-29.50
68037,-29.80
68150,-35.40
68263,-30.20
68376,-34.20
68489,-29.10
68602,-29.30
68715,-29.50
68828,-29.80
68941,-29.40
69054,-29.40
69167,-29.10
69280,-33.50
69393,-29.80
69506,-34.10
69619,-35.30
69732,-29.20
69845,-33.70
69958,-29.60
70071,-33.70
70184,-34.20
70297,-35.10
70410,-30.00
70523,-29.60
70636,-29.60
70749,-29.50
70862,-29.30
70975,-29.50
71088,-34.80
71201,-33.70
71314,-29.30
71427,-29.30
71540,-35.00
71653,-29.20
71766,-29.40
71879,-29.40
71992,-29.40
72105,-35.20
72218,-29.90
72331,-29.80
72444,-29.50
72557,-29.50
72670,-35.00
72783,-29.20
72896,-33.70
73009,-37.60
73122,-38.30
73235,-35.20
73348,-29.80
73461,-35.20
73574,-29.40
73687,-29.60
73800,-31.10
73913,-34.30
74026,-33.50
74139,-29.10
74252,-33.90
74365,-35.30
74478,-33.60
74591,-33.90
74704,-35.40
74817,-29.90
74930,-34.70
75043,-29.40
75156,-29.30
75269,-29.50
75382,-29.20
75495,-29.30
75608,-33.30
75721,-33.70
75834,-33.80
75947,-34.90
76060,-29.60
76173,-33.70
76286,-34.20
76399,-29.50
76512,-39.00
76625,-30.80
76738,-29.70
76851,-29.30
76964,-29.90
77077,-35.20
77190,-29.50
77303,-29.40
77416,-29.40
77529,-29.30
77642,-29.80
77755,-29.60
77868,-29.90
77981,-29.50
78094,-29.20
78207,-29.10
78320,-29.80
78433,-34.60
78546,-35.60
78659,-29.50
78772,-32.80
78885,-29.70
78998,-29.70
79111,-34.30
79224,-33.60
79337,-29.50
79450,-35.00
79563,-33.70
79676,-29.50
79789,-29.30
79902,-29.50
80015,-28.90
80128,-30.10
80241,-29.40
80354,-34.50
80467,-34.30
80580,-29.60
80693,-33.80
80806,-29.30
80919,-29.30
81032,-34.40
81145,-29.20
81258,-29.80
81371,-29.70
81484,-29.20
81597,-34.20
81710,-29.60
81823,-33.90
81936,-29.20
82049,-35.10
82162,-29.40
82275,-29.50
82388,-35.20
82501,-29.20
82614,-33.60
82727,-29.50
82840,-33.80
82953,-29.30
83066,-29.40
83179,-29.20
83292,-33.90
83405,-32.20
83518,-29.70
83631,-29.50
83744,-33.90
83857,-29.50
83970,-29.90
84083,-34.20
84196,-33.50
84309,-29.50
84422,-35.30
84535,-29.40
84648,-30.20
84761,-29.50
84874,-34.20
84987,-35.20
85100,-29.50
85213,-33.40
85326,-32.10
85439,-29.60
85552,-33.70
85665,-29.30
85778,-29.60
85891,-29.30
86004,-34.10
86117,-34.90
86230,-35.10
86343,-29.60
86456,-34.80
86569,-29.90
86682,-29.30
86795,-33.90
86908,-34.70
87021,-34.20
87134,-35.30
87247,-29.50
87360,-33.70
87473,-29.40
87586,-29.50
87699,-33.80
87812,-35.50
87925,-34.20
88038,-29.80
88151,-29.30
88264,-29.30
88377,-29.80
88490,-38.30
88603,-38.20
88716,-29.50
88829,-33.60
88942,-29.50
89055,-29.30
89168,-29.60
89281,-29.70
89394,-34.10
89507,-29.40
89620,-33.80
89733,-33.50
89846,-29.70
89959,-29.30
90072,-29.50
90185,-37.10
90298,-38.20
90411,-33.80
90524,-29.60
90637,-29.30
90750,-33.70
90863,-29.30
90976,-29.50
91089,-34.40
91202,-29.20
91315,-34.10
91428,-29.70
91541,-29.30
91654,-29.30
91767,-38.00
91880,-38.40
91993,-29.30
92106,-29.30
92219,-35.40
92332,-29.70
92445,-35.30
92558,-34.70
92671,-29.10
92784,-33.90
92897,-35.20
93010,-29.80
93123,-33.80
93236,-34.80
93349,-35.30
93462,-32.30
93575,-29.60
93688,-30.20
93801,-29.40
93914,-29.50
94027,-29.60
94140,-38.40
94253,-38.00
94366,-29.90
94479,-29.40
94592,-33.70
94705,-29.40
94818,-34.70
94931,-35.50
95044,-35.30
95157,-29.30
95270,-29.70
95383,-35.30
95496,-29.30
95609,-33.80
95722,-33.60
95835,-29.70
95948,-30.00
96061,-29.40
96174,-29.30
96287,-29.30
96400,-32.20
96513,-29.30
96626,-29.40
96739,-29.40
96852,-34.00
96965,-34.00
97078,-29.80
97191,-29.60
97304,-33.70
97417,-29.30
97530,-29.50
97643,-33.70
97756,-29.60
97869,-34.20
97982,-34.00
98095,-35.40
98208,-29.90
98321,-29.50
98434,-33.70
98547,-29.20
98660,-29.40
98773,-29.60
98886,-33.70
98999,-33.30
99112,-29.30
99225,-29.50
99338,-29.80
99451,-39.10
99564,-38.30
99677,-35.40
99790,-29.60
99903,-33.90
100016,-32.80
100129,-29.60
100242,-29.10
100355,-35.10
100468,-33.90
100581,-34.10
100694,-29.40
100807,-29.40
100920,-32.40
101033,-34.20
101146,-33.90
101259,-35.10
101372,-35.10
101485,-33.80
101598,-29.80
101711,-34.00
101824,-29.20
101937,-35.10
102050,-29.60
102163,-29.50
102276,-35.30
102389,-34.40
102502,-29.30
102615,-33.80
102728,-30.10
102841,-29.10
102954,-31.60
103067,-34.30
103180,-35.10
103293,-34.40
103406,-29.20
103519,-29.50
103632,-29.40
103745,-29.40
103858,-29.40
103971,-29.10
104084,-34.60
104197,-29.50
104310,-29.50
104423,-34.20
104536,-29.60
104649,-33.80
104762,-29.60
104875,-35.00
104988,-33.90
105101,-35.40
105214,-29.60
105327,-29.30
105440,-33.80
105553,-29.60
105666,-29.40
105779,-35.40
105892,-35.00
106005,-33.80
106118,-33.70
106231,-33.60
106344,-29.30
106457,-29.30
106570,-34.80
106683,-29.50
106796,-35.50
106909,-29.30
107022,-34.00
107135,-29.50
107248,-34.80
107361,-35.30
107474,-29.30
107587,-29.20
107700,-29.40
107813,-29.60
107926,-29.50
108039,-34.10
108152,-32.90
108265,-29.20
108378,-38.30
108491,-38.80
108604,-29.40
108717,-29.60
108830,-29.40
108943,-29.50
109056,-29.30
109169,-29.30
109282,-29.30
109395,-29.40
109508,-29.70
109621,-33.60
109734,-29.50
109847,-29.50
109960,-29.50
110073,-33.80
110186,-29.50
110299,-35.00
110412,-29.30
110525,-29.50
110638,-34.10
110751,-34.20
110864,-29.20
110977,-30.00
111090,-29.60
111203,-28.90
111316,-29.50
111429,-33.80
111542,-29.50
111655,-29.30
111768,-35.00
111881,-33.80
111994,-29.30
112107,-29.40
112220,-35.00
112333,-29.70
112446,-37.60
112559,-33.70
112672,-29.40
112785,-29.40
112898,-29.80
113011,-29.40
113124,-35.00
113237,-29.40
113350,-29.60
113463,-29.30
113576,-35.30
113689,-29.60
113802,-29.30
113915,-34.90
114028,-29.90
114141,-34.60
114254,-29.40
114367,-35.60
114480,-35.20
114593,-29.40
114706,-35.30
114819,-29.60
114932,-29.40
115045,-29.40
115158,-29.90
115271,-29.60
115384,-33.70
115497,-35.40
115610,-32.30
115723,-29.30
115836,-29.60
115949,-38.80
116062,-38.40
116175,-33.70
116288,-34.70
116401,-29.50
116514,-34.30
116627,-29.50
116740,-29.60
116853,-29.20
116966,-35.40
117079,-29.20
117192,-29.40
117305,-29.50
117418,-29.90
117531,-33.30
117644,-29.40
117757,-29.70
117870,-35.40
117983,-29.50
118096,-35.10
118209,-34.30
118322,-29.70
118435,-35.00
118548,-29.90
118661,-29.50
118774,-33.80
118887,-34.90
119000,-29.80
119113,-29.20
119226,-29.60
119339,-29.40
119452,-29.40
119565,-29.50
119678,-29.90
119791,-29.30
119904,-29.20
120017,-29.40
120130,-29.50
120243,-39.10
120356,-38.30
120469,-29.50
120582,-29.50
120695,-33.30
120808,-30.00
120921,-35.40
121034,-29.90
121147,-29.40
121260,-35.00
121373,-34.30
121486,-34.40
121599,-33.70
121712,-29.60
121825,-29.40
121938,-29.60
122051,-35.40
122164,-29.60
122277,-33.90
122390,-33.70
122503,-33.40
122616,-35.40
122729,-32.20
122842,-34.20
122955,-35.10
123068,-34.10
123181,-29.60
123294,-29.20
123407,-34.30
123520,-34.10
123633,-33.60
123746,-34.20
123859,-33.80
123972,-29.60
124085,-29.50
124198,-29.90
124311,-29.20
124424,-29.50
124537,-29.50
124650,-33.60
124763,-29.40
124876,-35.50
124989,-33.90
125102,-29.40
125215,-29.30
125328,-38.90
125441,-33.80
125554,-35.30
125667,-29.50
125780,-29.30
125893,-35.30
126006,-29.20
126119,-29.20
126232,-29.40
126345,-29.40
126458,-29.70
126571,-35.20
126684,-29.60
126797,-29.60
126910,-29.40
127023,-29.50
127136,-29.10
127249,-35.30
127362,-35.20
127475,-29.30
127588,-29.50
127701,-29.50
127814,-29.30
127927,-29.40
128040,-29.30
128153,-38.20
128266,-29.40
128379,-33.50
128492,-29.80
128605,-29.30
128718,-29.80
128831,-29.80
128944,-32.40
129057,-29.50
129170,-29.30
129283,-29.60
129396,-29.60
129509,-35.40
129622,-33.90
129735,-29.60
129848,-30.20
129961,-29.60
130074,-29.60
130187,-33.30
130300,-34.50
130413,-34.20
130526,-35.20
130639,-29.30
130752,-32.80
130865,-35.10
130978,-29.80
131091,-33.70
131204,-35.60
131317,-35.10
131430,-29.50
131543,-35.20
131656,-29.30
131769,-29.50
131882,-29.40
131995,-29.20
132108,-35.20
132221,-35.30
132334,-34.40
132447,-33.90
132560,-29.20
132673,-29.40
132786,-35.30
132899,-29.80
133012,-35.20
133125,-35.40
133238,-34.80
133351,-29.40
133464,-29.40
133577,-29.40
133690,-38.90
133803,-29.30
133916,-34.10
134029,-33.80
134142,-34.20
134255,-29.10
134368,-29.50
134481,-34.30
134594,-32.70
134707,-35.30
134820,-29.20
134933,-29.60
135046,-29.40
135159,-29.60
135272,-32.20
135385,-29.60
135498,-34.50
135611,-33.90
135724,-34.90
135837,-29.30
135950,-29.50
136063,-29.20
136176,-35.30
136289,-33.80
136402,-32.60
136515,-33.80
136628,-29.50
136741,-29.50
136854,-29.30
136967,-29.50
137080,-35.00
137193,-29.50
137306,-35.40
137419,-29.60
137532,-29.30
137645,-29.50
137758,-29.60
137871,-29.40
137984,-33.60
138097,-35.00
138210,-29.30
138323,-29.40
138436,-33.80
138549,-29.60
138662,-35.00
138775,-29.50
138888,-30.00
139001,-34.20
139114,-34.20
139227,-34.20
139340,-29.60
139453,-29.50
139566,-29.50
139679,-29.50
139792,-35.20
139905,-33.30
140018,-34.80
140131,-29.60
140244,-33.80
140357,-34.60
140470,-35.40
140583,-29.30
140696,-29.40
140809,-29.60
140922,-35.00
141035,-29.50
141148,-29.40
141261,-29.60
141374,-29.30
141487,-33.90
141600,-35.00
141713,-29.70
141826,-29.30
141939,-33.80
142052,-29.40
142165,-29.30
142278,-34.70
142391,-29.20
142504,-29.60
142617,-34.20
142730,-29.40
142843,-33.90
142956,-34.80
143069,-29.70
143182,-29.40
143295,-29.80
143408,-33.60
143521,-29.40
143634,-29.60
143747,-29.70
143860,-29.40
143973,-34.10
144086,-29.40
144199,-38.50
144312,-29.50
144425,-31.20
144538,-29.80
144651,-33.80
144764,-33.90
144877,-29.60
144990,-29.60
145103,-29.40
145216,-35.30
145329,-32.10
145442,-29.60
145555,-34.30
145668,-34.50
145781,-29.50
145894,-29.30
146007,-35.30
146120,-34.30
146233,-35.40
146346,-35.30
146459,-29.50
146572,-35.10
146685,-33.30
146798,-30.00
146911,-29.60
147024,-38.60
147137,-35.40
147250,-29.60
147363,-29.50
147476,-29.70
147589,-29.50
147702,-29.30
147815,-29.40
147928,-35.10
148041,-35.40
148154,-29.80
148267,-33.70
148380,-29.50
148493,-29.60
148606,-29.30
148719,-33.90
148832,-29.40
148945,-29.50
149058,-29.90
149171,-33.60
149284,-29.50
149397,-33.90
149510,-33.90
149623,-35.40
149736,-29.30
149849,-29.70
149962,-29.60
150075,-35.10
150188,-34.00
150301,-29.50
150414,-33.80
150527,-34.10
150640,-34.90
150753,-29.90
150866,-33.90
150979,-29.90
151092,-29.60
151205,-29.30
151318,-38.80
151431,-33.90
151544,-29.30
151657,-33.70
151770,-32.80
151883,-34.10
151996,-29.40
152109,-29.80
152222,-29.20
152335,-34.10
152448,-29.70
152561,-29.60
152674,-29.20
152787,-29.30
152900,-35.10
153013,-34.10
153126,-29.80
153239,-29.90
153352,-29.30
153465,-29.50
153578,-30.10
153691,-29.40
153804,-32.20
153917,-29.50
154030,-29.20
154143,-33.70
154256,-35.40
154369,-29.70
154482,-29.30
154595,-29.20
154708,-30.10
154821,-35.50
154934,-33.20
155047,-29.50
155160,-29.80
155273,-34.30
155386,-29.50
155499,-34.70
155612,-33.50
155725,-34.20
155838,-30.10
155951,-33.80
156064,-33.80
156177,-34.30
156290,-34.30
156403,-29.50
156516,-29.40
156629,-29.40
156742,-29.50
156855,-32.60
156968,-29.50
157081,-29.80
157194,-29.50
157307,-37.60
157420,-33.90
157533,-29.30
157646,-29.60
157759,-34.30
157872,-34.20
157985,-29.40
158098,-32.30
158211,-29.50
158324,-33.60
158437,-33.20
158550,-33.90
158663,-29.30
158776,-29.30
158889,-29.70
159002,-29.50
159115,-29.60
159228,-29.80
159341,-29.40
159454,-29.40
159567,-29.30
159680,-29.50
159793,-29.50
159906,-29.40
160019,-29.20
160132,-34.20
160245,-34.30
160358,-30.60
160471,-29.40
160584,-35.20
160697,-29.70
160810,-29.30
160923,-29.80
161036,-29.50
161149,-29.40
161262,-34.10
161375,-32.70
161488,-29.90
161601,-29.50
161714,-35.20
161827,-29.40
161940,-35.50
162053,-35.20
162166,-29.50
162279,-29.60
162392,-34.20
162505,-29.40
162618,-33.80
162731,-29.60
162844,-32.20
162957,-29.10
163070,-34.30
163183,-29.70
163296,-29.40
163409,-29.50
163522,-33.80
163635,-29.20
163748,-32.40
163861,-33.70
163974,-29.20
164087,-29.50
164200,-29.60
164313,-29.30
164426,-29.40
164539,-34.60
164652,-29.40
164765,-29.40
164878,-29.80
164991,-29.40
165104,-34.10
165217,-29.20
165330,-29.60
165443,-34.10
165556,-29.30
165669,-35.30
165782,-29.50
165895,-39.10
166008,-38.30
166121,-29.60
166234,-29.60
166347,-29.60
166460,-34.10
166573,-29.80
166686,-33.70
166799,-34.80
166912,-29.50
167025,-29.60
167138,-29.60
167251,-34.30
167364,-29.50
167477,-33.90
167590,-33.80
167703,-29.50
167816,-29.20
167929,-29.40
168042,-35.30
168155,-34.10
168268,-30.00
168381,-29.40
168494,-29.20
168607,-35.20
168720,-33.70
168833,-29.60
168946,-34.60
169059,-35.00
169172,-29.40
169285,-34.90
169398,-34.90
169511,-29.40
169624,-33.70
169737,-35.00
169850,-29.40
169963,-29.30
170076,-35.20
170189,-29.60
170302,-35.30
170415,-29.60
170528,-30.10
170641,-35.30
170754,-29.20
170867,-35.20
170980,-29.60
171093,-29.20
171206,-34.00
171319,-29.40
171432,-29.10
171545,-38.20
171658,-34.70
171771,-32.10
171884,-33.40
171997,-35.40
172110,-33.70
172223,-33.80
172336,-33.40
172449,-35.30
172562,-29.40
172675,-33.80
172788,-33.80
172901,-33.90
173014,-29.40
173127,-33.90
173240,-29.50
173353,-35.50
173466,-29.90
173579,-29.60
173692,-35.30
173805,-29.50
173918,-33.80
174031,-29.40
174144,-33.80
174257,-29.40
174370,-34.90
174483,-29.40
174596,-34.30
174709,-35.10
174822,-29.20
174935,-29.10
175048,-29.80
175161,-29.60
175274,-29.60
175387,-29.40
175500,-34.00
175613,-33.70
175726,-29.40
175839,-29.20
175952,-34.20
176065,-29.50
176178,-29.80
176291,-34.90
176404,-35.30
176517,-29.40
176630,-29.50
176743,-29.10
176856,-29.10
176969,-29.20
177082,-33.90
177195,-37.10
177308,-38.50
177421,-29.10
177534,-29.30
177647,-35.00
177760,-34.10
177873,-35.30
177986,-29.40
178099,-29.60
178212,-29.60
178325,-33.70
178438,-30.00
178551,-29.50
178664,-29.50
178777,-35.00
178890,-35.50
179003,-29.40
179116,-35.30
179229,-32.10
179342,-32.30
179455,-35.10
179568,-30.00
179681,-29.20
179794,-34.00
179907,-29.50
180020,-35.20
180133,-29.30
180246,-35.50
180359,-34.30
180472,-33.70
180585,-34.30
180698,-33.90
180811,-34.20
180924,-31.50
181037,-29.20
181150,-29.30
181263,-29.60
181376,-29.20
181489,-37.60
181602,-35.40
181715,-34.50
181828,-29.90
181941,-29.50
182054,-35.40
182167,-29.60
182280,-29.80
182393,-33.80
182506,-29.30
182619,-33.70
182732,-29.20
182845,-32.50
182958,-34.10
183071,-29.60
183184,-29.50
183297,-35.30
183410,-29.50
183523,-29.30
183636,-33.90
183749,-35.30
183862,-35.30
183975,-35.30
184088,-34.90
184201,-29.50
184314,-29.50
184427,-29.50
184540,-29.40
184653,-29.30
184766,-31.90
184879,-35.20
184992,-29.20
185105,-38.00
185218,-34.30
185331,-29.50
185444,-29.00
185557,-29.30
185670,-35.50
185783,-35.50
185896,-29.80
186009,-34.10
186122,-29.10
186235,-29.50
186348,-29.90
186461,-29.40
186574,-29.20
186687,-29.50
186800,-33.70
186913,-29.30
187026,-33.00
187139,-34.40
187252,-29.80
187365,-35.30
187478,-30.10
187591,-29.50
187704,-29.40
187817,-35.20
187930,-33.90
188043,-30.40
188156,-29.60
188269,-34.50
188382,-34.40
188495,-29.40
188608,-29.90
188721,-34.20
188834,-34.80
188947,-30.00
189060,-35.20
189173,-29.50
189286,-34.20
189399,-29.50
189512,-34.20
189625,-35.10
189738,-32.60
189851,-33.90
189964,-29.80
190077,-35.10
190190,-29.30
190303,-34.20
190416,-35.40
190529,-29.40
190642,-34.60
190755,-29.40
190868,-34.90
190981,-29.60
191094,-34.10
191207,-34.30
191320,-33.70
191433,-35.30
191546,-29.20
191659,-29.80
191772,-33.70
191885,-29.40
191998,-29.60
192111,-33.70
192224,-33.80
192337,-29.60
192450,-29.30
192563,-29.60
192676,-34.20
192789,-29.30
192902,-29.60
193015,-38.00
193128,-33.70
193241,-29.20
193354,-29.40
193467,-34.50
193580,-34.40
193693,-34.30
193806,-29.30
193919,-29.30
194032,-29.40
194145,-29.20
194258,-30.20
194371,-33.80
194484,-35.30
194597,-29.50
194710,-29.50
194823,-34.10
194936,-33.60
195049,-29.60
195162,-33.90
195275,-29.10
195388,-30.00
195501,-29.30
195614,-34.10
195727,-29.30
195840,-32.20
195953,-29.30
196066,-29.40
196179,-35.20
196292,-34.10
196405,-35.40
196518,-30.90
196631,-29.50
196744,-32.10
196857,-29.30
196970,-33.80
197083,-29.60
197196,-29.30
197309,-29.20
197422,-35.30
197535,-29.60
197648,-29.90
197761,-29.30
197874,-29.30
197987,-29.20
198100,-34.10
198213,-29.40
198326,-34.40
198439,-29.50
198552,-34.10
198665,-29.60
198778,-33.10
198891,-29.60
199004,-29.30
199117,-34.10
199230,-29.40
199343,-29.20
199456,-29.40
199569,-34.50
199682,-34.10
199795,-29.50
199908,-31.10
200021,-29.40
200134,-29.30
200247,-29.60
200360,-35.40
200473,-33.70
200586,-34.30
200699,-33.70
200812,-35.20
200925,-33.30
201038,-29.80
201151,-32.60
201264,-34.20
201377,-29.60
201490,-35.30
201603,-29.50
201716,-29.30
201829,-29.50
201942,-29.30
202055,-29.30
202168,-34.10
202281,-29.40
202394,-29.40
202507,-29.30
202620,-33.80
202733,-33.70
202846,-35.40
202959,-34.20
203072,-29.60
203185,-29.60
203298,-30.20
203411,-35.10
203524,-29.80
203637,-36.90
203750,-38.20
203863,-29.30
203976,-34.30
204089,-35.30
204202,-34.30
204315,-32.30
204428,-30.00
204541,-35.40
204654,-33.70
204767,-29.40
204880,-34.20
204993,-29.30
205106,-29.60
205219,-29.50
205332,-32.20
205445,-33.60
205558,-30.00
205671,-29.10
205784,-37.80
205897,-38.20
206010,-29.10
206123,-35.10
206236,-29.30
206349,-35.30
206462,-33.80
206575,-29.30
206688,-33.90
206801,-34.20
206914,-29.40
207027,-29.50
207140,-38.10
207253,-34.10
207366,-29.50
207479,-29.50
207592,-29.20
207705,-35.30
207818,-32.50
207931,-29.40
208044,-33.20
208157,-29.20
208270,-29.30
208383,-29.30
208496,-29.30
208609,-29.40
208722,-29.20
208835,-35.00
208948,-35.00
209061,-32.70
209174,-35.10
209287,-34.90
209400,-29.20
209513,-29.40
209626,-33.50
209739,-29.40
209852,-33.30
209965,-29.40
210078,-34.80
210191,-29.40
210304,-34.20
210417,-29.40
210530,-29.90
210643,-33.80
210756,-35.00
210869,-34.30
210982,-29.60
211095,-32.40
211208,-30.10
211321,-29.50
211434,-37.80
211547,-38.30
211660,-33.80
211773,-34.20
211886,-29.20
211999,-33.70
212112,-29.20
212225,-29.50
212338,-29.60
212451,-31.70
212564,-35.30
212677,-29.50
212790,-29.10
212903,-35.00
213016,-33.80
213129,-29.40
213242,-34.20
213355,-33.80
213468,-33.90
213581,-34.20
213694,-29.40
213807,-35.00
213920,-34.90
214033,-29.40
214146,-29.50
214259,-29.40
214372,-29.30
214485,-29.50
214598,-34.70
214711,-33.30
214824,-35.00
214937,-34.30
215050,-35.20
215163,-29.40
215276,-29.50
215389,-29.40
215502,-34.90
215615,-29.10
215728,-30.00
215841,-34.80
215954,-35.50
216067,-29.60
216180,-29.50
216293,-32.50
216406,-29.50
216519,-34.50
216632,-29.30
216745,-29.20
216858,-30.00
216971,-29.20
217084,-29.40
217197,-29.40
217310,-29.30
217423,-35.10
217536,-35.20
217649,-29.40
217762,-29.20
217875,-29.70
217988,-29.70
218101,-34.70
218214,-35.10
218327,-29.30
218440,-29.50
218553,-32.20
218666,-29.40
218779,-35.20
218892,-29.40
219005,-29.50
219118,-33.80
219231,-33.60
219344,-29.30
219457,-32.40
219570,-29.50
219683,-32.80
219796,-34.10
219909,-35.10
220022,-33.80
220135,-33.80
220248,-34.80
220361,-34.10
220474,-35.00
220587,-29.70
220700,-34.90
220813,-33.40
220926,-34.20
221039,-29.60
221152,-29.60
221265,-29.30
221378,-34.10
221491,-35.20
221604,-35.10
221717,-29.30
221830,-29.50
221943,-35.10
222056,-29.30
222169,-33.80
222282,-34.90
222395,-35.20
222508,-30.10
222621,-33.80
222734,-29.60
222847,-34.90
222960,-32.50
223073,-34.00
223186,-30.70
223299,-29.40
223412,-29.40
223525,-34.10
223638,-29.60
223751,-33.80
223864,-29.40
223977,-34.90
224090,-29.60
224203,-35.10
224316,-33.90
224429,-33.90
224542,-33.90
224655,-35.40
224768,-34.20
224881,-29.50
224994,-38.60
225107,-29.40
225220,-34.90
225333,-29.80
225446,-34.70
225559,-33.90
225672,-34.70
225785,-33.70
225898,-29.80
226011,-29.40
226124,-35.10
226237,-34.50
226350,-29.40
226463,-29.20
226576,-34.20
226689,-33.40
226802,-35.10
226915,-29.20
227028,-39.10
227141,-35.00
227254,-29.40
227367,-35.30
227480,-29.50
227593,-35.30
227706,-29.40
227819,-33.60
227932,-29.30
228045,-34.60
228158,-29.50
228271,-29.80
228384,-35.10
228497,-29.20
228610,-35.00
228723,-34.40
228836,-35.40
228949,-32.40
229062,-35.00
229175,-29.60
229288,-33.80
229401,-29.40
229514,-35.00
229627,-35.40
229740,-29.30
229853,-33.80
229966,-34.60
230079,-34.30
230192,-29.40
230305,-34.90
230418,-29.80
230531,-29.50
230644,-35.10
230757,-29.10
230870,-29.40
230983,-29.30
231096,-29.00
231209,-29.60
231322,-28.90
231435,-34.20
231548,-29.60
231661,-29.50
231774,-29.50
231887,-38.10
232000,-38.80
232113,-29.50
232226,-29.40
232339,-34.20
232452,-29.50
232565,-29.40
232678,-29.60
232791,-29.60
232904,-29.60
233017,-29.50
233130,-29.30
233243,-29.30
233356,-29.40
233469,-29.20
233582,-29.40
233695,-34.20
233808,-29.90
233921,-34.90
234034,-29.60
234147,-29.40
234260,-32.70
234373,-35.00
234486,-29.30
234599,-32.90
234712,-33.80
234825,-29.30
234938,-33.70
235051,-34.40
235164,-29.10
235277,-29.40
235390,-35.20
235503,-29.30
235616,-29.20
235729,-35.40
235842,-29.30
235955,-34.70
236068,-34.90
236181,-29.30
236294,-34.20
236407,-33.80
236520,-29.30
236633,-29.50
236746,-34.20
236859,-29.00
236972,-29.30
237085,-29.50
237198,-34.50
237311,-29.30
237424,-29.40
237537,-29.80
237650,-35.10
237763,-29.30
237876,-29.80
237989,-34.30
238102,-29.20
238215,-29.50
238328,-30.20
238441,-29.50
238554,-35.30
238667,-29.40
238780,-29.50
238893,-34.20
239006,-29.20
239119,-29.50
239232,-30.00
239345,-29.40
239458,-29.80
239571,-29.30
239684,-29.60
239797,-29.60
239910,-33.90
240023,-29.50
240136,-29.30
240249,-32.60
240362,-35.20
240475,-35.40
240588,-33.20
240701,-33.80
240814,-39.10
240927,-33.70
241040,-33.40
241153,-29.50
241266,-29.30
241379,-29.20
241492,-34.30
241605,-29.40
241718,-33.90
241831,-29.40
241944,-33.90
242057,-32.30
242170,-32.20
242283,-33.70
242396,-29.10
242509,-34.20
242622,-33.90
242735,-35.40
242848,-33.80
242961,-29.50
243074,-29.20
243187,-29.50
243300,-29.30
243413,-29.30
243526,-35.10
243639,-29.30
243752,-29.40
243865,-29.40
243978,-34.70
244091,-29.20
244204,-33.60
244317,-29.50
244430,-29.60
244543,-34.20
244656,-33.80
244769,-29.40
244882,-35.40
244995,-29.20
245108,-33.60
245221,-35.30
245334,-29.80
245447,-33.50
245560,-29.30
245673,-29.60
245786,-29.80
245899,-29.50
246012,-29.60
246125,-29.30
246238,-29.90
246351,-29.50
246464,-29.80
246577,-29.80
246690,-35.40
246803,-29.20
246916,-29.50
247029,-29.60
247142,-34.30
247255,-38.80
247368,-35.10
247481,-35.60
247594,-34.70
247707,-35.50
247820,-29.50
247933,-34.80
248046,-34.30
248159,-29.30
248272,-29.60
248385,-29.40
248498,-30.00
248611,-29.50
248724,-35.20
248837,-29.60
248950,-29.60
249063,-32.20
249176,-29.30
249289,-29.30
249402,-29.30
249515,-34.90
249628,-32.60
249741,-34.40
249854,-35.50
249967,-30.20
250080,-35.20
250193,-29.50
250306,-35.30
250419,-29.40
250532,-29.30
250645,-29.50
250758,-38.60
250871,-34.70
250984,-29.30
251097,-29.40
251210,-33.70
251323,-29.30
251436,-35.30
251549,-29.80
251662,-35.50
251775,-29.20
251888,-29.60
252001,-35.10
252114,-33.90
252227,-29.50
252340,-29.40
252453,-29.70
252566,-29.30
252679,-29.40
252792,-29.50
252905,-28.80
253018,-34.50
253131,-32.10
253244,-34.30
253357,-29.40
253470,-30.80
253583,-29.30
253696,-34.40
253809,-29.70
253922,-34.10
254035,-33.10
254148,-33.90
254261,-29.40
254374,-29.40
254487,-29.50
254600,-29.30
254713,-29.20
254826,-35.20
254939,-29.20
255052,-35.40
255165,-29.40
255278,-29.80
255391,-35.10
255504,-35.30
255617,-35.20
255730,-33.90
255843,-29.50
255956,-29.50
256069,-34.10
256182,-32.20
256295,-34.50
256408,-29.60
256521,-29.80
256634,-35.30
256747,-34.00
256860,-29.20
256973,-29.40
257086,-35.20
257199,-35.50
257312,-33.80
257425,-29.40
257538,-29.90
257651,-32.80
257764,-29.40
257877,-33.50
257990,-29.30
258103,-29.30
258216,-29.60
258329,-33.90
258442,-33.70
258555,-34.20
258668,-29.90
258781,-38.30
258894,-29.60
259007,-35.00
259120,-35.40
259233,-33.20
259346,-29.40
259459,-32.10
259572,-35.10
259685,-29.40
259798,-29.80
259911,-29.40
260024,-35.60
260137,-29.50
260250,-33.90
260363,-29.20
260476,-29.80
260589,-29.20
260702,-29.30
260815,-29.30
260928,-29.60
261041,-35.00
261154,-32.80
261267,-29.80
261380,-29.40
261493,-29.90
261606,-29.40
261719,-33.70
261832,-29.30
261945,-35.30
262058,-33.90
262171,-34.90
262284,-35.00
262397,-29.50
262510,-29.60
262623,-35.20
262736,-33.30
262849,-35.20
262962,-34.40
263075,-29.60
263188,-29.70
263301,-29.50
263414,-38.00
263527,-38.40
263640,-29.60
263753,-29.60
263866,-29.40
263979,-29.60
264092,-29.50
264205,-35.00
264318,-29.60
264431,-33.80
264544,-34.90
264657,-29.60
264770,-29.80
264883,-35.10
264996,-34.30
265109,-34.90
265222,-29.60
265335,-29.50
265448,-29.90
265561,-29.20
265674,-36.90
265787,-37.80
265900,-33.70
266013,-29.30
266126,-29.60
266239,-29.50
266352,-29.70
266465,-32.50
266578,-34.00
266691,-34.30
266804,-33.70
266917,-29.40
267030,-29.60
267143,-33.00
267256,-35.00
267369,-35.50
267482,-33.80
267595,-29.30
267708,-29.80
267821,-29.60
267934,-33.80
268047,-29.40
268160,-29.60
268273,-29.50
268386,-32.10
268499,-33.90
268612,-35.10
268725,-29.50
268838,-37.80
268951,-37.90
269064,-29.40
269177,-33.90
269290,-33.70
269403,-29.80
269516,-29.30
269629,-29.30
269742,-29.50
269855,-29.50
269968,-29.80
270081,-29.70
270194,-29.40
270307,-32.80
270420,-29.20
270533,-29.40
270646,-33.70
270759,-34.20
270872,-31.00
270985,-33.80
271098,-29.70
271211,-29.60
271324,-34.20
271437,-29.40
271550,-34.30
271663,-33.70
271776,-35.10
271889,-33.70
272002,-33.70
272115,-33.80
272228,-34.70
272341,-29.10
272454,-29.40
272567,-37.60
272680,-38.20
272793,-29.40
272906,-29.10
273019,-29.40
273132,-35.50
273245,-35.30
273358,-34.00
273471,-30.60
273584,-29.20
273697,-30.70
273810,-29.40
273923,-33.80
274036,-29.20
274149,-38.80
274262,-29.30
274375,-29.50
274488,-30.00
274601,-29.30
274714,-29.40
274827,-29.30
274940,-29.60
275053,-33.70
275166,-29.20
275279,-38.30
275392,-38.30
275505,-29.30
275618,-29.90
275731,-29.60
275844,-29.20
275957,-29.30
276070,-34.00
276183,-29.30
276296,-29.30
276409,-29.40
276522,-29.30
276635,-29.30
276748,-29.60
276861,-33.80
276974,-33.70
277087,-29.90
277200,-34.30
277313,-29.40
277426,-29.50
277539,-34.10
277652,-29.30
277765,-34.10
277878,-34.80
277991,-33.90
278104,-29.40
278217,-29.30
278330,-29.40
278443,-34.30
278556,-29.30
278669,-29.40
278782,-29.30
278895,-29.50
279008,-38.70
279121,-38.40
279234,-29.50
279347,-35.30
279460,-29.10
279573,-30.10
279686,-29.50
279799,-34.50
279912,-29.50
280025,-33.90
280138,-29.80
280251,-35.50
280364,-35.50
280477,-34.10
280590,-29.40
280703,-35.40
280816,-29.40
280929,-33.90
281042,-29.40
281155,-34.40
281268,-34.90
281381,-29.30
281494,-29.50
281607,-29.50
281720,-35.30
281833,-33.70
281946,-34.90
282059,-29.30
282172,-29.70
282285,-29.40
282398,-29.60
282511,-30.70
282624,-35.20
282737,-29.30
282850,-29.40
282963,-29.50
283076,-34.90
283189,-35.40
283302,-29.40
283415,-29.40
283528,-29.80
283641,-33.80
283754,-29.40
283867,-29.60
283980,-29.20
284093,-35.50
284206,-35.20
284319,-33.70
284432,-35.30
284545,-29.30
284658,-33.70
284771,-29.50
284884,-29.50
284997,-29.30
285110,-29.40
285223,-29.20
285336,-34.30
285449,-29.60
285562,-29.20
285675,-29.40
285788,-29.60
285901,-29.60
286014,-29.60
286127,-29.50
286240,-33.20
286353,-29.50
286466,-33.70
286579,-29.40
286692,-33.70
286805,-29.60
286918,-29.60
287031,-30.10
287144,-34.90
287257,-32.00
287370,-29.30
287483,-29.50
287596,-29.30
287709,-29.60
287822,-29.30
287935,-29.70
288048,-29.90
288161,-35.00
288274,-33.40
288387,-34.20
288500,-35.40
288613,-33.80
288726,-35.30
288839,-34.30
288952,-29.60
289065,-34.80
289178,-33.40
289291,-35.40
289404,-35.40
289517,-35.50
289630,-33.20
289743,-29.70
289856,-34.50
289969,-35.50
290082,-33.80
290195,-29.30
290308,-29.70
290421,-34.70
290534,-29.40
290647,-29.80
290760,-29.30
290873,-31.30
290986,-29.60
291099,-33.90
291212,-29.40
291325,-34.10
291438,-33.30
291551,-29.30
291664,-35.10
291777,-33.80
291890,-33.60
292003,-29.30
292116,-34.20
292229,-29.30
292342,-29.30
292455,-29.40
292568,-39.00
292681,-34.10
292794,-35.10
292907,-35.10
293020,-32.10
293133,-33.80
293246,-33.70
293359,-29.30
293472,-29.30
293585,-29.40
293698,-33.80
293811,-35.30
293924,-31.20
294037,-35.20
294150,-29.70
294263,-29.60
294376,-29.60
294489,-33.80
294602,-33.80
294715,-33.60
294828,-35.00
294941,-29.70
295054,-29.20
295167,-32.20
295280,-29.50
295393,-35.50
295506,-33.90
295619,-33.80
295732,-29.80
295845,-29.50
295958,-29.60
296071,-34.80
296184,-29.40
296297,-29.50
296410,-29.40
296523,-29.20
296636,-34.10
296749,-32.00
296862,-34.60
296975,-35.20
297088,-33.70
297201,-29.20
297314,-34.10
297427,-29.30
297540,-35.20
297653,-35.20
297766,-29.50
297879,-29.40
297992,-38.30
298105,-33.30
298218,-29.70
298331,-29.60
298444,-33.20
298557,-35.30
298670,-34.20
298783,-29.30
298896,-29.70
299009,-35.10
299122,-33.50
299235,-33.80
299348,-29.60
299461,-29.50
299574,-29.30
299687,-29.40
299800,-29.40
299913,-33.20
300026,-29.50
300139,-29.30
300252,-35.10
300365,-29.40
300478,-34.90
300591,-29.60
300704,-29.40
300817,-29.10
300930,-29.10
301043,-29.60
301156,-34.10
301269,-34.20
301382,-29.40
301495,-35.40
301608,-29.80
301721,-33.60
301834,-33.80
301947,-29.30
302060,-29.60
302173,-34.10
302286,-30.00
302399,-29.40
302512,-35.20
302625,-29.20
302738,-33.80
302851,-34.90
302964,-34.90
303077,-33.80
303190,-33.90
303303,-33.10
303416,-31.40
303529,-29.40
303642,-29.30
303755,-29.50
303868,-34.10
303981,-35.20
304094,-33.60
304207,-29.30
304320,-29.50
304433,-29.50
304546,-29.60
304659,-35.30
304772,-29.40
304885,-29.20
304998,-34.00
305111,-29.40
305224,-29.80
305337,-29.30
305450,-29.40
305563,-29.30
305676,-35.50
305789,-33.70
305902,-29.30
306015,-29.40
306128,-33.80
306241,-34.70
306354,-33.90
306467,-29.20
306580,-34.20
306693,-35.40
306806,-29.60
306919,-33.10
307032,-29.10
307145,-29.40
307258,-29.90
307371,-29.30
307484,-33.80
307597,-29.50
307710,-35.50
307823,-29.50
307936,-29.40
308049,-29.50
308162,-29.30
308275,-29.40
308388,-29.80
308501,-29.40
308614,-29.50
308727,-33.70
308840,-29.50
308953,-34.30
309066,-29.50
309179,-35.10
309292,-29.40
309405,-29.40
309518,-29.80
309631,-33.80
309744,-29.60
309857,-35.30
309970,-33.90
310083,-29.60
310196,-35.10
310309,-29.30
310422,-33.90
310535,-29.30
310648,-35.10
310761,-32.70
310874,-35.30
310987,-33.50
311100,-34.30
311213,-35.40
311326,-29.80
311439,-35.00
311552,-35.50
311665,-29.20
311778,-34.70
311891,-29.40
312004,-29.30
312117,-29.30
312230,-35.00
312343,-32.50
312456,-35.20
312569,-29.50
312682,-29.20
312795,-29.60
312908,-29.50
313021,-29.50
313134,-29.40
313247,-29.20
313360,-29.40
313473,-34.80
313586,-29.50
313699,-29.60
313812,-29.60
313925,-33.90
314038,-29.90
314151,-29.40
314264,-29.30
314377,-29.80
314490,-29.30
314603,-35.00
314716,-29.80
314829,-29.40
314942,-33.80
315055,-29.60
315168,-29.90
315281,-29.40
315394,-38.20
315507,-34.00
315620,-33.20
315733,-29.20
315846,-29.60
315959,-29.80
316072,-33.80
316185,-29.60
316298,-29.90
316411,-29.60
316524,-29.40
316637,-35.10
316750,-29.40
316863,-35.00
316976,-29.40
317089,-29.30
317202,-29.40
317315,-29.40
317428,-29.90
317541,-32.10
317654,-35.10
317767,-29.30
317880,-29.30
317993,-34.60
318106,-29.40
318219,-35.20
318332,-29.50
318445,-35.30
318558,-30.40
318671,-29.10
318784,-32.90
318897,-30.70
319010,-34.30
319123,-29.50
319236,-29.30
319349,-29.40
319462,-33.70
319575,-29.40
319688,-30.00
319801,-29.40
319914,-33.80
320027,-29.60
320140,-29.30
320253,-33.80
320366,-33.80
320479,-34.40
320592,-35.50
320705,-29.40
320818,-30.00
320931,-29.80
321044,-35.10
321157,-29.30
321270,-29.40
321383,-29.10
321496,-29.50
321609,-29.60
321722,-29.30
321835,-29.30
321948,-35.20
322061,-29.40
322174,-29.50
322287,-35.10
322400,-32.10
322513,-29.20
322626,-34.50
322739,-29.70
322852,-29.50
322965,-37.80
323078,-30.00
323191,-29.60
323304,-35.10
323417,-29.30
323530,-29.50
323643,-29.50
323756,-32.10
323869,-29.40
323982,-29.40
324095,-34.70
324208,-29.80
324321,-29.30
324434,-29.30
324547,-32.60
324660,-34.50
324773,-35.30
324886,-29.50
324999,-35.40
325112,-34.80
325225,-29.30
325338,-29.80
325451,-29.40
325564,-29.50
325677,-29.60
325790,-29.30
325903,-30.80
326016,-34.10
326129,-29.40
326242,-34.20
326355,-29.20
326468,-29.80
326581,-29.30
326694,-33.20
326807,-33.70
326920,-29.50
327033,-34.30
327146,-29.50
327259,-29.50
327372,-29.40
327485,-29.50
327598,-29.80
327711,-38.10
327824,-38.90
327937,-35.40
328050,-33.80
328163,-34.20
328276,-33.70
328389,-29.30
328502,-34.10
328615,-34.40
328728,-29.50
328841,-29.50
328954,-33.90
329067,-33.90
329180,-34.20
329293,-33.90
329406,-33.70
329519,-29.30
329632,-35.20
329745,-29.80
329858,-32.20
329971,-33.70
330084,-29.20
330197,-34.00
330310,-29.40
330423,-29.20
330536,-34.60
330649,-29.40
330762,-34.90
330875,-29.60
330988,-34.80
331101,-32.20
331214,-29.50
331327,-29.50
331440,-35.10
331553,-35.30
331666,-35.40
331779,-29.60
331892,-29.60
332005,-33.80
332118,-29.90
332231,-33.90
332344,-35.40
332457,-29.30
332570,-29.20
332683,-29.40
332796,-32.80
332909,-34.90
333022,-29.40
333135,-34.40
333248,-33.90
333361,-35.00
333474,-29.30
333587,-29.30
333700,-29.50
333813,-35.10
333926,-29.30
334039,-29.30
334152,-38.10
334265,-33.90
334378,-29.90
334491,-35.00
334604,-35.30
334717,-29.40
334830,-33.90
334943,-29.50
335056,-35.10
335169,-29.20
335282,-33.70
335395,-35.20
335508,-30.00
335621,-29.20
335734,-35.10
335847,-29.20
335960,-35.30
336073,-35.00
336186,-29.60
336299,-29.20
336412,-33.30
336525,-33.70
336638,-34.90
336751,-29.30
336864,-29.30
336977,-35.10
337090,-35.10
337203,-29.30
337316,-29.40
337429,-34.50
337542,-35.40
337655,-29.30
337768,-29.80
337881,-29.30
337994,-29.80
338107,-29.90
338220,-29.40
338333,-29.80
338446,-29.30
338559,-29.20
338672,-29.40
338785,-35.10
338898,-34.60
339011,-29.40
339124,-29.10
339237,-29.30
339350,-34.20
339463,-29.30
339576,-33.80
339689,-29.30
339802,-35.10
339915,-35.30
340028,-33.90
340141,-29.80
340254,-33.90
340367,-29.50
340480,-29.60
340593,-29.50
340706,-38.30
340819,-35.10
340932,-29.30
341045,-33.80
341158,-34.90
341271,-29.50
341384,-29.30
341497,-29.50
341610,-29.50
341723,-35.40
341836,-29.40
341949,-35.10
342062,-29.90
342175,-33.20
342288,-34.70
342401,-35.30
342514,-33.90
342627,-29.10
342740,-35.00
342853,-29.70
342966,-29.70
343079,-34.10
343192,-30.70
343305,-29.30
343418,-29.80
343531,-29.20
343644,-29.60
343757,-29.50
343870,-29.50
343983,-35.30
344096,-29.40
344209,-35.10
344322,-29.50
344435,-34.10
344548,-29.90
344661,-34.10
344774,-33.80
344887,-33.30
345000,-34.20
345113,-34.20
345226,-29.80
345339,-29.20
345452,-34.20
345565,-33.30
345678,-30.00
345791,-29.30
345904,-33.90
346017,-29.20
346130,-29.40
346243,-29.30
346356,-29.40
346469,-29.30
346582,-33.70
346695,-33.70
346808,-34.70
346921,-29.20
347034,-29.20
347147,-29.40
347260,-35.30
347373,-29.20
347486,-29.50
347599,-35.30
347712,-29.70
347825,-38.10
347938,-33.10
348051,-29.30
348164,-33.80
348277,-32.80
348390,-30.70
348503,-29.40
348616,-32.50
348729,-34.30
348842,-29.30
348955,-29.50
349068,-29.60
349181,-29.20
349294,-29.40
349407,-29.20
349520,-33.90
349633,-29.60
349746,-35.30
349859,-29.30
349972,-29.40
350085,-29.50
350198,-31.50
350311,-34.70
350424,-34.10
350537,-29.60
350650,-34.10
350763,-35.20
350876,-33.30
350989,-34.40
351102,-35.00
351215,-29.60
351328,-29.60
351441,-33.90
351554,-29.40
351667,-29.30
351780,-35.30
351893,-33.70
352006,-29.30
352119,-29.40
352232,-30.80
352345,-35.00
352458,-29.50
352571,-35.20
352684,-32.20
352797,-29.40
352910,-29.30
353023,-29.40
353136,-33.90
353249,-29.20
353362,-35.20
353475,-34.60
353588,-29.80
353701,-34.90
353814,-29.50
353927,-33.80
354040,-33.80
354153,-29.30
354266,-35.20
354379,-30.70
354492,-29.20
354605,-29.70
354718,-34.60
354831,-34.10
354944,-29.20
355057,-33.70
355170,-29.10
355283,-34.70
355396,-32.40
355509,-29.80
355622,-29.40
355735,-29.80
355848,-29.50
355961,-29.50
356074,-35.30
356187,-33.90
356300,-34.30
356413,-29.50
356526,-29.30
356639,-33.80
356752,-34.30
356865,-33.80
356978,-33.90
357091,-34.50
357204,-33.30
357317,-29.40
357430,-30.00
357543,-35.20
357656,-30.00
357769,-29.30
357882,-35.30
357995,-29.80
358108,-29.80
358221,-29.40
358334,-34.90
358447,-29.30
358560,-29.80
358673,-29.30
358786,-29.30
358899,-35.30
359012,-35.10
359125,-29.70
359238,-29.60
359351,-29.60
359464,-29.40
359577,-33.30
359690,-36.80
359803,-38.30
359916,-35.40
360029,-35.30
360142,-35.30
360255,-29.50
360368,-29.90
360481,-29.40
360594,-29.30
360707,-29.40
360820,-29.70
360933,-29.30
361046,-34.50
361159,-29.60
361272,-29.30
361385,-35.10
361498,-32.50
361611,-29.50
361724,-29.50
361837,-29.30
361950,-35.20
362063,-35.40
362176,-35.30
362289,-35.00
362402,-33.70
362515,-29.40
362628,-33.90
362741,-29.60
362854,-29.30
362967,-38.40
363080,-29.40
363193,-29.50
363306,-34.20
363419,-34.40
363532,-29.50
363645,-34.90
363758,-29.60
363871,-35.40
363984,-32.00
364097,-29.50
364210,-29.20
364323,-29.80
364436,-29.20
364549,-29.10
364662,-35.50
364775,-29.60
364888,-29.80
365001,-35.70
365114,-33.70
365227,-29.30
365340,-29.30
365453,-38.70
365566,-38.60
365679,-29.50
365792,-35.10
365905,-29.40
366018,-32.60
366131,-34.10
366244,-29.30
366357,-29.40
366470,-29.60
366583,-29.80
366696,-29.50
366809,-29.20
366922,-34.10
367035,-35.20
367148,-29.80
367261,-29.50
367374,-29.50
367487,-35.00
367600,-37.60
367713,-38.30
367826,-31.80
367939,-29.50
368052,-35.30
368165,-29.60
368278,-29.70
368391,-35.10
368504,-29.30
368617,-29.30
368730,-34.80
368843,-29.20
368956,-34.40
369069,-33.90
369182,-29.40
369295,-29.80
369408,-34.60
369521,-33.70
369634,-29.60
369747,-29.70
369860,-33.80
369973,-33.70
370086,-33.80
370199,-29.20
370312,-33.70
370425,-29.50
370538,-34.80
370651,-29.40
370764,-34.40
370877,-29.30
370990,-35.20
371103,-34.40
371216,-29.60
371329,-35.30
371442,-29.30
371555,-29.30
371668,-38.80
371781,-29.50
371894,-33.90
372007,-33.80
372120,-29.50
372233,-29.50
372346,-29.40
372459,-29.20
372572,-33.70
372685,-29.40
372798,-33.50
372911,-29.40
373024,-29.60
373137,-29.50
373250,-33.70
373363,-33.60
373476,-34.40
373589,-33.80
373702,-29.40
373815,-33.90
373928,-29.70
374041,-29.30
374154,-33.80
374267,-34.10
374380,-29.30
374493,-35.60
374606,-29.30
374719,-29.40
374832,-35.40
374945,-35.30
375058,-34.80
375171,-29.50
375284,-29.40
375397,-33.80
375510,-34.40
375623,-32.50
375736,-34.10
375849,-33.80
375962,-35.20
376075,-32.60
376188,-34.70
376301,-29.40
376414,-29.40
376527,-33.80
376640,-34.90
376753,-35.20
376866,-33.80
376979,-29.30
377092,-35.30
377205,-33.80
377318,-34.70
377431,-29.50
377544,-29.50
377657,-29.50
377770,-29.40
377883,-35.20
377996,-35.20
378109,-29.40
378222,-29.30
378335,-35.10
378448,-33.80
378561,-34.80
378674,-34.20
378787,-33.80
378900,-29.60
379013,-35.30
379126,-29.30
379239,-34.20
379352,-33.70
379465,-29.30
379578,-35.30
379691,-29.40
379804,-38.30
379917,-38.20
380030,-35.30
380143,-29.60
380256,-29.30
380369,-29.40
380482,-38.30
380595,-38.10
380708,-30.00
380821,-35.20
380934,-35.50
381047,-32.40
381160,-33.90
381273,-33.80
381386,-29.60
381499,-29.30
381612,-33.80
381725,-29.40
381838,-29.80
381951,-29.30
382064,-34.10
382177,-29.50
382290,-29.90
382403,-33.70
382516,-29.30
382629,-35.00
382742,-29.20
382855,-35.40
382968,-29.90
383081,-32.20
383194,-34.70
383307,-35.30
383420,-29.70
383533,-32.60
383646,-35.30
383759,-35.20
383872,-29.50
383985,-29.30
384098,-29.60
384211,-35.00
384324,-34.00
384437,-34.20
384550,-29.20
384663,-37.80
384776,-38.30
384889,-29.40
385002,-33.50
385115,-29.50
385228,-29.80
385341,-29.30
385454,-35.00
385567,-29.40
385680,-33.80
385793,-35.10
385906,-29.30
386019,-31.60
386132,-29.90
386245,-29.60
386358,-34.90
386471,-33.40
386584,-33.90
386697,-29.50
386810,-35.40
386923,-34.70
387036,-35.20
387149,-29.40
387262,-31.40
387375,-34.20
387488,-30.00
387601,-29.40
387714,-29.30
387827,-33.70
387940,-29.60
388053,-29.50
388166,-29.50
388279,-33.80
388392,-29.30
388505,-29.30
388618,-33.50
388731,-29.30
388844,-29.40
388957,-29.40
389070,-29.60
389183,-29.30
389296,-33.60
389409,-35.30
389522,-34.60
389635,-31.50
389748,-33.40
389861,-29.50
389974,-38.40
390087,-29.50
390200,-33.50
390313,-29.30
390426,-29.40
390539,-33.90
390652,-29.50
390765,-29.60
390878,-31.10
390991,-35.30
391104,-30.90
391217,-29.30
391330,-29.10
391443,-33.50
391556,-35.20
391669,-29.50
391782,-29.50
391895,-29.60
392008,-30.00
392121,-29.20
392234,-29.20
392347,-29.40
392460,-29.40
392573,-29.20
392686,-35.40
392799,-29.30
392912,-29.70
393025,-29.40
393138,-34.10
393251,-29.40
393364,-35.00
393477,-29.60
393590,-29.40
393703,-29.30
393816,-38.50
393929,-38.20
394042,-33.70
394155,-28.80
394268,-29.80
394381,-29.40
394494,-29.50
394607,-29.40
394720,-29.50
394833,-34.60
394946,-33.90
395059,-33.70
395172,-29.50
395285,-29.40
395398,-29.80
395511,-29.50
395624,-29.20
395737,-29.40
395850,-29.40
395963,-33.90
396076,-29.20
396189,-35.30
396302,-29.40
396415,-29.20
396528,-32.90
396641,-32.80
396754,-33.70
396867,-35.30
396980,-34.30
397093,-34.10
397206,-29.30
397319,-33.70
397432,-33.70
397545,-29.40
397658,-29.60
397771,-29.20
397884,-29.40
397997,-35.50
398110,-29.50
398223,-29.20
398336,-35.30
398449,-29.30
398562,-29.60
398675,-29.30
398788,-32.40
398901,-29.70
399014,-29.70
399127,-29.30
399240,-29.00
399353,-30.00
399466,-35.40
399579,-33.30
399692,-37.60
399805,-33.70
399918,-29.70
400031,-29.50
400144,-34.40
400257,-29.20
400370,-29.30
400483,-29.60
400596,-35.40
400709,-29.60
400822,-29.30
400935,-29.60
401048,-30.00
401161,-29.50
401274,-35.00
401387,-35.10
401500,-34.20
401613,-29.30
401726,-29.40
401839,-35.10
401952,-29.60
402065,-34.20
402178,-34.50
402291,-35.30
402404,-29.50
402517,-29.30
402630,-34.20
402743,-33.90
402856,-35.30
402969,-34.40
403082,-29.30
403195,-34.50
403308,-35.00
403421,-34.30
403534,-29.50
403647,-29.40
403760,-34.30
403873,-35.10
403986,-29.40
404099,-34.10
404212,-35.50
404325,-29.30
404438,-34.10
404551,-29.30
404664,-33.70
404777,-33.90
404890,-29.40
405003,-33.40
405116,-29.40
405229,-33.90
405342,-29.20
405455,-38.60
405568,-29.80
405681,-29.60
405794,-29.60
405907,-29.30
406020,-34.90
406133,-33.30
406246,-29.60
406359,-35.60
406472,-32.20
406585,-33.80
406698,-29.60
406811,-29.40
406924,-29.50
407037,-35.20
407150,-29.50
407263,-34.10
407376,-29.30
407489,-29.30
407602,-34.60
407715,-33.80
407828,-29.60
407941,-35.30
408054,-29.60
408167,-29.30
408280,-29.60
408393,-35.20
408506,-29.40
408619,-29.50
408732,-29.60
408845,-29.30
408958,-35.10
409071,-29.70
409184,-34.00
409297,-29.60
409410,-35.30
409523,-33.60
409636,-29.30
409749,-33.70
409862,-34.80
409975,-35.10
410088,-29.80
410201,-34.20
410314,-33.90
410427,-33.60
410540,-29.60
410653,-29.40
410766,-29.40
410879,-29.40
410992,-29.10
411105,-29.50
411218,-29.80
411331,-35.30
411444,-29.80
411557,-35.50
411670,-33.70
411783,-29.60
411896,-29.50
412009,-32.20
412122,-34.20
412235,-29.30
412348,-29.80
412461,-33.90
412574,-35.30
412687,-32.60
412800,-33.80
412913,-33.30
413026,-29.20
413139,-29.30
413252,-32.40
413365,-34.70
413478,-30.00
413591,-29.40
413704,-29.20
413817,-33.70
413930,-29.20
414043,-39.00
414156,-38.50
414269,-29.50
414382,-29.40
414495,-34.30
414608,-29.90
414721,-29.60
414834,-33.70
414947,-29.60
415060,-29.50
415173,-29.20
415286,-29.40
415399,-29.30
415512,-29.30
415625,-29.30
415738,-33.50
415851,-33.70
415964,-29.60
416077,-32.10
416190,-33.80
416303,-29.50
416416,-33.80
416529,-29.60
416642,-35.00
416755,-29.50
416868,-31.30
416981,-33.80
417094,-29.80
417207,-35.50
417320,-29.20
417433,-29.40
417546,-29.30
417659,-29.50
417772,-34.30
417885,-29.50
417998,-29.70
418111,-29.70
418224,-30.00
418337,-38.30
418450,-34.40
418563,-29.50
418676,-34.30
418789,-29.30
418902,-29.60
419015,-29.30
419128,-29.70
419241,-29.40
419354,-33.90
419467,-29.20
419580,-29.50
419693,-29.10
419806,-29.30
419919,-29.30
420032,-33.30
420145,-35.30
420258,-29.90
420371,-28.80
420484,-33.80
420597,-29.80
420710,-35.30
420823,-33.90
420936,-29.20
421049,-35.30
421162,-35.10
421275,-29.50
421388,-30.00
421501,-29.30
421614,-33.70
421727,-35.10
421840,-32.20
421953,-35.60
422066,-33.80
422179,-29.60
422292,-34.10
422405,-29.40
422518,-29.70
422631,-29.60
422744,-34.00
422857,-29.50
422970,-33.80
423083,-29.40
423196,-29.60
423309,-29.30
423422,-29.10
423535,-29.40
423648,-34.20
423761,-35.10
423874,-29.50
423987,-35.30
424100,-35.30
424213,-35.30
424326,-29.60
424439,-29.40
424552,-32.80
424665,-35.40
424778,-29.60
424891,-29.70
425004,-34.10
425117,-35.30
425230,-35.50
425343,-34.20
425456,-29.40
425569,-37.50
425682,-38.70
425795,-35.40
425908,-35.00
426021,-35.30
426134,-29.50
426247,-29.80
426360,-29.40
426473,-35.20
426586,-29.40
426699,-35.30
426812,-29.50
426925,-33.60
427038,-33.90
427151,-35.20
427264,-33.90
427377,-29.40
427490,-29.30
427603,-35.00
427716,-29.70
427829,-29.30
427942,-33.30
428055,-33.70
428168,-33.80
428281,-35.30
428394,-29.20
428507,-29.60
428620,-29.50
428733,-29.40
428846,-35.20
428959,-29.50
429072,-35.40
429185,-29.20
429298,-29.70
429411,-29.40
429524,-33.90
429637,-33.40
429750,-29.20
429863,-29.20
429976,-35.70
430089,-29.30
430202,-29.30
430315,-32.50
430428,-34.50
430541,-29.30
430654,-33.90
430767,-33.20
430880,-29.40
430993,-32.80
431106,-29.10
431219,-33.90
431332,-29.10
431445,-29.30
431558,-29.70
431671,-34.20
431784,-33.70
431897,-33.20
432010,-34.00
432123,-29.60
432236,-33.20
432349,-29.20
432462,-29.60
432575,-29.30
432688,-29.90
432801,-29.60
432914,-29.50
433027,-34.30
433140,-29.40
433253,-29.40
433366,-34.20
433479,-33.70
433592,-29.40
433705,-34.70
433818,-33.90
433931,-34.40
434044,-33.60
434157,-29.30
434270,-33.70
434383,-35.10
434496,-29.50
434609,-34.00
434722,-29.60
434835,-29.30
434948,-34.00
435061,-29.00
435174,-33.80
435287,-35.10
435400,-35.10
435513,-35.20
435626,-29.50
435739,-29.80
435852,-33.50
435965,-29.40
436078,-38.00
436191,-35.40
436304,-29.40
436417,-33.80
436530,-33.70
436643,-35.00
436756,-34.10
436869,-35.20
436982,-29.20
437095,-29.40
437208,-35.00
437321,-34.30
437434,-33.70
437547,-29.10
437660,-29.50
437773,-33.90
437886,-35.60
437999,-29.40
438112,-29.20
438225,-33.80
438338,-29.80
438451,-29.00
438564,-29.40
438677,-33.70
438790,-29.60
438903,-29.50
439016,-34.00
439129,-34.20
439242,-29.40
439355,-31.50
439468,-29.60
439581,-29.40
439694,-29.50
439807,-37.50
439920,-29.50
440033,-29.70
440146,-33.90
440259,-29.40
440372,-33.80
440485,-29.30
440598,-29.90
440711,-35.10
440824,-33.30
440937,-35.00
441050,-29.60
441163,-29.20
441276,-29.40
441389,-29.60
441502,-35.40
441615,-29.30
441728,-33.50
441841,-29.60
441954,-29.30
442067,-29.30
442180,-29.30
442293,-29.20
442406,-35.60
442519,-29.40
442632,-29.40
442745,-29.30
442858,-29.90
442971,-35.20
443084,-31.00
443197,-29.40
443310,-29.50
443423,-33.40
443536,-35.10
443649,-35.10
443762,-35.00
443875,-29.60
443988,-29.80
444101,-35.40
444214,-29.30
444327,-39.20
444440,-38.30
444553,-29.40
444666,-34.30
444779,-34.30
444892,-29.40
445005,-29.70
445118,-29.60
445231,-35.30
445344,-29.30
445457,-29.30
445570,-33.80
445683,-33.80
445796,-34.20
445909,-33.60
446022,-35.30
446135,-29.30
446248,-30.00
446361,-29.50
446474,-29.50
446587,-33.30
446700,-34.30
446813,-35.60
446926,-29.40
447039,-29.50
447152,-32.20
447265,-29.20
447378,-29.70
447491,-34.80
447604,-29.30
447717,-29.50
447830,-35.00
447943,-34.50
448056,-34.10
448169,-29.30
448282,-33.70
448395,-29.50
448508,-29.90
448621,-29.40
448734,-29.30
448847,-33.30
448960,-29.80
449073,-29.80
449186,-29.20
449299,-31.00
449412,-35.00
449525,-29.10
449638,-34.60
449751,-29.30
449864,-29.20
449977,-29.40
450090,-29.20
450203,-35.20
450316,-29.60
450429,-37.80
450542,-34.20
450655,-29.40
450768,-34.00
450881,-33.90
450994,-29.50
451107,-29.20
451220,-29.30
451333,-35.00
451446,-29.40
451559,-29.40
451672,-29.30
451785,-33.80
451898,-33.40
452011,-29.60
452124,-33.60
452237,-29.60
452350,-29.30
452463,-33.90
452576,-29.00
452689,-29.60
452802,-34.30
452915,-29.20
453028,-34.50
453141,-29.30
453254,-35.30
453367,-29.40
453480,-35.00
453593,-35.20
453706,-29.40
453819,-35.30
453932,-29.50
454045,-33.60
454158,-33.70
454271,-29.40
454384,-33.90
454497,-30.70
454610,-29.50
454723,-35.00
454836,-31.40
454949,-29.30
455062,-29.60
455175,-34.20
455288,-29.50
455401,-29.30
455514,-33.80
455627,-29.30
455740,-29.50
455853,-35.10
455966,-35.20
456079,-29.10
456192,-34.00
456305,-29.30
456418,-29.80
456531,-33.70
456644,-33.40
456757,-34.30
456870,-29.20
456983,-32.80
457096,-29.80
457209,-29.40
457322,-33.20
457435,-29.50
457548,-30.00
457661,-33.80
457774,-29.50
457887,-35.40
458000,-29.60
458113,-29.60
458226,-29.40
458339,-29.50
458452,-33.60
458565,-29.20
458678,-38.80
458791,-38.60
458904,-29.50
459017,-29.50
459130,-33.60
459243,-34.20
459356,-29.40
459469,-29.60
459582,-29.40
459695,-29.30
459808,-29.70
459921,-32.40
460034,-29.30
460147,-32.40
460260,-35.20
460373,-35.00
460486,-29.50
460599,-29.30
460712,-29.50
460825,-29.50
460938,-29.70
461051,-29.50
461164,-29.60
461277,-38.10
461390,-35.20
461503,-29.90
461616,-29.50
461729,-29.40
461842,-33.80
461955,-33.80
462068,-30.00
462181,-34.90
462294,-35.50
462407,-33.30
462520,-35.30
462633,-33.90
462746,-29.60
462859,-29.30
462972,-29.80
463085,-29.50
463198,-29.50
463311,-29.30
463424,-29.50
463537,-35.20
463650,-29.40
463763,-35.20
463876,-34.70
463989,-32.90
464102,-35.00
464215,-29.50
464328,-33.70
464441,-33.90
464554,-33.80
464667,-33.80
464780,-29.60
464893,-33.80
465006,-29.30
465119,-29.50
465232,-33.30
465345,-29.20
465458,-38.20
465571,-38.30
465684,-35.40
465797,-29.40
465910,-29.20
466023,-29.50
466136,-29.30
466249,-29.40
466362,-29.20
466475,-29.50
466588,-29.80
466701,-29.50
466814,-34.20
466927,-30.70
467040,-29.70
467153,-29.80
467266,-29.90
467379,-29.20
467492,-29.40
467605,-32.90
467718,-29.60
467831,-29.30
467944,-29.80
468057,-35.10
468170,-29.60
468283,-29.30
468396,-29.30
468509,-29.20
468622,-35.30
468735,-29.80
468848,-33.70
468961,-29.10
469074,-29.40
469187,-29.30
469300,-34.00
469413,-29.60
469526,-35.30
469639,-33.80
469752,-34.50
469865,-29.20
469978,-29.60
470091,-29.50
470204,-35.40
470317,-34.20
470430,-29.20
470543,-34.90
470656,-35.40
470769,-35.00
470882,-29.50
470995,-38.50
471108,-29.90
471221,-29.30
471334,-29.20
471447,-29.20
471560,-35.30
471673,-34.40
471786,-34.80
471899,-33.80
472012,-29.50
472125,-29.50
472238,-33.60
472351,-35.50
472464,-29.40
472577,-35.30
472690,-29.80
472803,-29.40
472916,-29.40
473029,-34.50
473142,-29.60
473255,-35.20
473368,-34.60
473481,-35.30
473594,-29.50
473707,-29.20
473820,-29.40
473933,-33.80
474046,-29.40
474159,-29.60
474272,-29.20
474385,-29.60
474498,-29.90
474611,-29.30
474724,-29.20
474837,-34.50
474950,-29.30
475063,-29.40
475176,-35.10
475289,-28.90
475402,-37.50
475515,-33.90
475628,-32.60
475741,-33.90
475854,-33.80
475967,-29.30
476080,-29.40
476193,-29.60
476306,-29.60
476419,-29.30
476532,-29.40
476645,-34.00
476758,-33.30
476871,-29.30
476984,-33.70
477097,-29.60
477210,-32.40
477323,-33.90
477436,-33.70
477549,-29.20
477662,-29.20
477775,-29.50
477888,-29.80
478001,-30.80
478114,-34.10
478227,-33.70
478340,-29.10
478453,-29.40
478566,-33.70
478679,-35.30
478792,-33.80
478905,-29.60
479018,-29.50
479131,-38.70
479244,-29.40
479357,-29.20
479470,-35.30
479583,-32.70
479696,-29.60
479809,-29.40
479922,-29.20
480035,-29.30
480148,-33.80
480261,-29.30
480374,-35.20
480487,-29.40
480600,-35.10
480713,-35.20
480826,-29.20
480939,-29.50
481052,-29.10
481165,-29.30
481278,-29.70
481391,-35.20
481504,-29.50
481617,-29.20
481730,-35.20
481843,-29.60
481956,-29.20
482069,-29.30
482182,-29.30
482295,-29.10
482408,-34.90
482521,-29.50
482634,-29.30
482747,-34.70
482860,-29.40
482973,-29.20
483086,-34.60
483199,-35.00
483312,-33.70
483425,-29.30
483538,-29.80
483651,-29.60
483764,-29.20
483877,-29.70
483990,-34.20
484103,-29.20
484216,-34.50
484329,-29.40
484442,-35.40
484555,-29.20
484668,-34.90
484781,-35.60
484894,-29.50
485007,-38.70
485120,-29.30
485233,-34.20
485346,-29.30
485459,-34.90
485572,-29.60
485685,-29.50
485798,-29.80
485911,-29.40
486024,-29.30
486137,-29.30
486250,-33.20
486363,-33.70
486476,-29.30
486589,-33.40
486702,-34.10
486815,-33.70
486928,-34.00
487041,-29.30
487154,-29.10
487267,-29.50
487380,-29.30
487493,-29.40
487606,-33.70
487719,-29.50
487832,-29.60
487945,-30.10
488058,-34.60
488171,-29.30
488284,-29.40
488397,-29.40
488510,-35.00
488623,-34.20
488736,-29.40
488849,-29.40
488962,-35.50
489075,-32.20
489188,-33.90
489301,-38.30
489414,-38.30
489527,-29.30
489640,-29.40
489753,-29.60
489866,-29.40
489979,-29.30
490092,-29.40
490205,-32.20
490318,-29.90
490431,-29.40
490544,-29.30
490657,-30.00
490770,-29.40
490883,-29.60
490996,-30.20
491109,-35.20
491222,-29.30
491335,-29.30
491448,-29.50
491561,-35.30
491674,-29.50
491787,-29.60
491900,-38.00
492013,-34.30
492126,-35.20
492239,-34.10
492352,-29.60
492465,-29.40
492578,-29.30
492691,-29.10
492804,-29.80
492917,-29.20
493030,-29.40
493143,-29.40
493256,-29.50
493369,-29.40
493482,-29.50
493595,-29.30
493708,-29.90
493821,-34.80
493934,-34.30
494047,-35.00
494160,-29.40
494273,-29.30
494386,-29.30
494499,-29.30
494612,-29.00
494725,-32.60
494838,-29.80
494951,-29.30
495064,-35.00
495177,-35.60
495290,-29.40
495403,-29.30
495516,-29.50
495629,-34.90
495742,-29.40
495855,-35.40
495968,-33.10
496081,-29.30
496194,-29.80
496307,-29.50
496420,-33.80
496533,-32.10
496646,-34.30
496759,-29.30
496872,-29.40
496985,-29.50
497098,-29.90
497211,-33.90
497324,-29.30
497437,-33.20
497550,-30.50
497663,-35.10
497776,-29.20
497889,-29.50
498002,-34.80
498115,-29.60
498228,-35.20
498341,-29.20
498454,-29.90
498567,-29.80
498680,-34.60
498793,-34.40
498906,-30.80
499019,-29.30
499132,-29.40
499245,-29.40
499358,-29.60
499471,-29.30
499584,-29.30
499697,-29.60
499810,-29.60
499923,-29.30
500036,-34.40
500149,-35.00
500262,-29.20
500375,-29.20
500488,-33.80
500601,-29.30
500714,-29.50
500827,-35.40
500940,-34.90
501053,-29.50
501166,-33.80
501279,-33.60
501392,-29.40
501505,-33.80
501618,-29.70
501731,-34.20
501844,-29.40
501957,-29.10
502070,-29.60
502183,-34.10
502296,-35.20
502409,-35.00
502522,-29.80
502635,-35.10
502748,-34.80
502861,-33.90
502974,-29.20
503087,-29.50
503200,-34.20
503313,-35.20
503426,-34.80
503539,-33.80
503652,-35.50
503765,-33.90
503878,-29.70
503991,-34.90
504104,-29.10
504217,-29.30
504330,-29.50
504443,-29.30
504556,-29.40
504669,-29.50
504782,-29.40
504895,-29.60
505008,-29.60
505121,-34.20
505234,-29.10
505347,-29.30
505460,-34.20
505573,-34.20
505686,-29.50
505799,-29.50
505912,-29.40
506025,-29.40
506138,-33.80
506251,-29.20
506364,-38.40
506477,-29.30
506590,-35.00
506703,-35.00
506816,-29.20
506929,-33.20
507042,-29.40
507155,-33.60
507268,-34.00
507381,-29.50
507494,-38.70
507607,-33.40
507720,-33.80
507833,-35.10
507946,-29.30
508059,-29.50
508172,-33.80
508285,-32.30
508398,-29.80
508511,-33.80
508624,-29.30
508737,-35.30
508850,-29.40
508963,-29.30
509076,-29.30
509189,-29.60
509302,-34.60
509415,-33.50
509528,-30.00
509641,-29.20
509754,-29.50
509867,-35.50
509980,-29.50
510093,-29.40
510206,-29.30
510319,-29.20
510432,-34.40
510545,-29.40
510658,-31.30
510771,-29.60
510884,-29.20
510997,-35.30
511110,-29.30
511223,-34.10
511336,-29.60
511449,-35.40
511562,-34.20
511675,-34.80
511788,-29.60
511901,-35.00
512014,-29.50
512127,-29.40
512240,-29.50
512353,-34.30
512466,-29.70
512579,-29.40
512692,-29.50
512805,-35.40
512918,-29.90
513031,-34.90
513144,-29.20
513257,-29.20
513370,-33.80
513483,-29.40
513596,-29.30
513709,-35.20
513822,-29.50
513935,-29.20
514048,-33.80
514161,-29.20
514274,-29.60
514387,-33.80
514500,-29.60
514613,-29.50
514726,-29.40
514839,-29.60
514952,-35.00
515065,-33.70
515178,-29.70
515291,-35.50
515404,-35.40
515517,-34.90
515630,-29.10
515743,-33.70
515856,-35.40
515969,-29.60
516082,-29.30
516195,-29.70
516308,-29.70
516421,-29.40
516534,-34.20
516647,-31.90
516760,-34.20
516873,-33.90
516986,-29.40
517099,-33.70
517212,-35.10
517325,-29.50
517438,-33.80
517551,-33.90
517664,-29.40
517777,-39.20
517890,-33.70
518003,-34.10
518116,-29.50
518229,-35.10
518342,-29.50
518455,-29.20
518568,-29.80
518681,-35.10
518794,-29.40
518907,-29.10
519020,-32.20
519133,-29.20
519246,-29.30
519359,-29.30
519472,-32.20
519585,-35.20
519698,-30.10
519811,-35.30
519924,-29.80
520037,-29.40
520150,-29.40
520263,-29.20
520376,-33.70
520489,-33.80
520602,-29.60
520715,-29.40
520828,-30.00
520941,-29.20
521054,-29.30
521167,-35.10
521280,-33.50
521393,-29.40
521506,-29.40
521619,-29.50
521732,-29.60
521845,-29.30
521958,-35.00
522071,-34.40
522184,-29.80
522297,-35.20
522410,-29.60
522523,-29.20
522636,-29.50
522749,-29.30
522862,-34.10
522975,-29.50
523088,-34.80
523201,-29.80
523314,-38.00
523427,-38.70
523540,-33.80
523653,-34.30
523766,-35.30
523879,-29.30
523992,-29.70
524105,-33.70
524218,-33.80
524331,-29.50
524444,-29.50
524557,-33.70
524670,-29.80
524783,-33.90
524896,-35.40
525009,-29.30
525122,-29.80
525235,-29.20
525348,-29.60
525461,-29.60
525574,-35.20
525687,-35.10
525800,-29.50
525913,-33.90
526026,-29.20
526139,-29.10
526252,-29.90
526365,-35.00
526478,-34.70
526591,-29.60
526704,-29.30
526817,-34.00
526930,-29.40
527043,-29.50
527156,-29.50
527269,-34.10
527382,-34.20
527495,-29.50
527608,-33.90
527721,-35.50
527834,-29.50
527947,-29.60
528060,-33.60
528173,-29.40
528286,-29.40
528399,-29.60
528512,-29.50
528625,-29.60
528738,-29.80
528851,-29.70
528964,-35.30
529077,-33.50
529190,-29.80
529303,-33.30
529416,-33.80
529529,-29.40
529642,-29.60
529755,-29.20
529868,-30.00
529981,-35.10
530094,-33.60
530207,-29.20
530320,-29.60
530433,-29.40
530546,-35.20
530659,-29.20
530772,-29.20
530885,-35.10
530998,-29.30
531111,-29.50
531224,-29.20
531337,-29.50
531450,-29.50
531563,-33.80
531676,-35.00
531789,-29.10
531902,-29.60
532015,-34.60
532128,-33.80
532241,-29.50
532354,-34.20
532467,-34.20
532580,-29.80
532693,-29.50
532806,-37.70
532919,-38.30
533032,-29.80
533145,-29.50
533258,-29.60
533371,-29.20
533484,-33.80
533597,-35.00
533710,-29.50
533823,-29.40
533936,-29.30
534049,-33.70
534162,-29.10
534275,-33.50
534388,-30.00
534501,-33.90
534614,-33.90
534727,-34.40
534840,-35.10
534953,-29.80
535066,-34.20
535179,-34.50
535292,-29.30
535405,-33.80
535518,-29.60
535631,-29.30
535744,-29.60
535857,-34.90
535970,-35.30
536083,-29.30
536196,-29.30
536309,-33.80
536422,-29.30
536535,-29.20
536648,-29.60
536761,-35.10
536874,-29.30
536987,-29.50
537100,-33.60
537213,-29.40
537326,-29.50
537439,-34.40
537552,-35.30
537665,-29.60
537778,-29.90
537891,-29.80
538004,-29.20
538117,-34.90
538230,-29.40
538343,-29.50
538456,-39.00
538569,-35.10
538682,-29.30
538795,-29.80
538908,-34.80
539021,-29.30
539134,-29.60
539247,-29.40
539360,-33.70
539473,-35.40
539586,-29.30
539699,-35.20
539812,-35.00
539925,-29.40
540038,-29.60
540151,-29.50
540264,-33.60
540377,-33.70
540490,-35.30
540603,-34.80
540716,-29.80
540829,-29.40
540942,-29.70
541055,-35.20
541168,-29.60
541281,-35.10
541394,-33.60
541507,-29.60
541620,-33.60
541733,-29.40
541846,-29.50
541959,-29.50
542072,-29.50
542185,-29.30
542298,-29.70
542411,-29.30
542524,-29.20
542637,-29.30
542750,-29.10
542863,-29.60
542976,-33.20
543089,-33.90
543202,-29.30
543315,-29.20
543428,-34.30
543541,-35.20
543654,-35.30
543767,-29.30
543880,-31.30
543993,-29.60
544106,-33.80
544219,-35.00
544332,-33.70
544445,-35.20
544558,-34.70
544671,-35.10
544784,-35.00
544897,-29.40
545010,-29.20
545123,-29.40
545236,-32.60
545349,-34.30
545462,-35.30
545575,-29.40
545688,-33.50
545801,-29.40
545914,-29.40
546027,-35.20
546140,-29.40
546253,-29.60
546366,-29.20
546479,-35.00
546592,-29.30
546705,-33.70
546818,-33.30
546931,-31.00
547044,-29.30
547157,-32.80
547270,-29.40
547383,-32.10
547496,-33.70
547609,-34.20
547722,-29.40
547835,-35.10
547948,-30.10
548061,-35.20
548174,-33.80
548287,-35.10
548400,-35.50
548513,-29.50
548626,-34.00
548739,-35.30
548852,-34.10
548965,-29.30
549078,-29.70
549191,-33.70
549304,-35.20
549417,-34.30
549530,-29.30
549643,-29.50
549756,-34.90
549869,-32.90
549982,-29.60
550095,-29.20
550208,-35.10
550321,-29.30
550434,-29.20
550547,-29.40
550660,-29.40
550773,-29.20
550886,-35.30
550999,-29.40
551112,-33.70
551225,-29.40
551338,-29.60
551451,-34.60
551564,-32.50
551677,-35.40
551790,-34.40
551903,-29.50
552016,-29.40
552129,-33.70
552242,-33.60
552355,-29.80
552468,-38.60
552581,-33.90
552694,-29.50
552807,-29.30
552920,-33.80
553033,-34.50
553146,-33.70
553259,-34.10
553372,-29.30
553485,-32.10
553598,-30.10
553711,-32.90
553824,-29.40
553937,-34.90
554050,-29.30
554163,-33.40
554276,-29.40
554389,-29.50
554502,-29.60
554615,-29.30
554728,-30.00
554841,-29.50
554954,-32.40
555067,-29.50
555180,-32.40
555293,-34.50
555406,-29.40
555519,-33.70
555632,-34.50
555745,-33.70
555858,-29.60
555971,-29.70
556084,-29.50
556197,-29.10
556310,-29.20
556423,-28.80
556536,-29.50
556649,-29.40
556762,-32.70
556875,-29.40
556988,-33.60
557101,-33.70
557214,-34.20
557327,-29.20
557440,-29.80
557553,-33.70
557666,-29.20
557779,-33.80
557892,-29.50
558005,-29.20
558118,-34.60
558231,-29.40
558344,-29.30
558457,-35.20
558570,-29.30
558683,-29.30
558796,-29.50
558909,-34.30
559022,-35.00
559135,-34.30
559248,-33.70
559361,-35.40
559474,-29.30
559587,-29.20
559700,-29.50
559813,-35.20
559926,-29.50
560039,-29.50
560152,-29.50
560265,-29.50
560378,-38.00
560491,-22.60
560604,-22.20
560717,-22.50
560830,-22.20
560943,-22.50
561056,-22.50
561169,-22.10
561282,-21.90
561395,-22.10
561508,-23.50
561621,-22.80
561734,-22.60
561847,-22.80
561960,-22.30
562073,-22.30
562186,-22.70
562299,-22.50
562412,-22.10
562525,-22.50
562638,-22.80
562751,-22.50
562864,-22.10
562977,-21.90
563090,-22.60
563203,-22.60
563316,-22.50
563429,-22.50
563542,-22.70
563655,-22.70
563768,-22.80
563881,-22.60
563994,-22.80
564107,-22.60
564220,-22.40
564333,-22.70
564446,-22.00
564559,-22.10
564672,-22.30
564785,-22.00
564898,-23.10
565011,-22.60
565124,-22.50
565237,-21.90
565350,-22.60
565463,-22.50
565576,-22.20
565689,-22.60
565802,-22.50
565915,-22.00
566028,-23.10
566141,-22.60
566254,-22.00
566367,-22.30
566480,-22.20
566593,-22.50
566706,-22.70
566819,-22.70
566932,-22.60
567045,-22.60
567158,-23.20
567271,-22.60
567384,-22.30
567497,-22.30
567610,-22.60
567723,-22.10
567836,-21.90
567949,-22.60
568062,-22.10
568175,-22.70
568288,-23.10
568401,-22.60
568514,-22.80
568627,-22.50
568740,-22.60
568853,-22.20
568966,-22.10
569079,-22.50
569192,-22.60
569305,-22.50
569418,-23.00
569531,-22.80
569644,-22.60
569757,-22.60
569870,-22.50
569983,-22.80
570096,-22.50
570209,-22.20
570322,-22.60
570435,-22.60
570548,-23.50
570661,-22.70
570774,-22.00
570887,-22.70
571000,-22.60
571113,-21.90
571226,-22.60
571339,-22.40
571452,-22.30
571565,-22.50
571678,-22.60
571791,-22.30
571904,-22.60
572017,-22.70
572130,-22.70
572243,-22.50
572356,-22.50
572469,-22.50
572582,-22.60
572695,-22.00
572808,-23.70
572921,-22.70
573034,-22.10
573147,-22.60
573260,-22.30
573373,-22.70
573486,-21.90
573599,-22.10
573712,-22.00
573825,-22.80
573938,-23.00
574051,-22.50
574164,-22.50
574277,-22.00
574390,-22.70
574503,-22.70
574616,-22.30
574729,-22.00
574842,-22.80
574955,-22.60
575068,-23.60
575181,-22.50
575294,-22.90
575407,-22.60
575520,-22.00
575633,-22.50
575746,-22.80
575859,-22.00
575972,-22.00
576085,-22.80
576198,-23.00
576311,-22.60
576424,-22.30
576537,-22.60
576650,-22.70
576763,-22.20
576876,-22.60
576989,-22.20
577102,-22.50
577215,-22.50
577328,-22.70
577441,-22.60
577554,-22.10
577667,-22.30
577780,-22.50
577893,-22.50
578006,-22.20
578119,-22.50
578232,-22.60
578345,-22.50
578458,-23.80
578571,-22.60
578684,-22.10
578797,-22.60
578910,-22.50
579023,-22.50
579136,-22.60
579249,-22.20
579362,-22.60
579475,-22.60
579588,-23.70
579701,-22.60
579814,-22.20
579927,-22.30
580040,-22.50
580153,-22.20
580266,-22.10
580379,-22.40
580492,-22.10
580605,-22.60
580718,-23.00
580831,-22.50
580944,-22.50
581057,-22.00
581170,-22.60
581283,-22.60
581396,-22.00
581509,-22.70
581622,-22.10
581735,-22.60
581848,-23.50
581961,-22.60
582074,-22.60
582187,-22.50
582300,-22.50
582413,-22.30
582526,-22.70
582639,-22.20
582752,-22.60
582865,-22.40
582978,-22.90
583091,-22.50
583204,-22.60
583317,-22.60
583430,-22.80
583543,-21.90
583656,-22.70
583769,-22.80
583882,-22.50
583995,-22.80
584108,-23.20
584221,-22.50
584334,-21.90
584447,-22.80
584560,-22.40
584673,-22.00
584786,-21.90
584899,-21.90
585012,-22.50
585125,-22.40
585238,-23.20
585351,-22.60
585464,-22.50
585577,-22.20
585690,-22.10
585803,-22.50
585916,-22.10
586029,-22.60
586142,-22.10
586255,-22.50
586368,-23.30
586481,-22.20
586594,-22.30
586707,-22.40
586820,-22.00
586933,-22.40
587046,-22.20
587159,-22.50
587272,-22.60
587385,-22.60
587498,-22.80
587611,-22.50
587724,-22.50
587837,-22.30
587950,-22.50
588063,-22.30
588176,-22.10
588289,-22.60
588402,-22.10
588515,-22.40
588628,-23.70
588741,-22.00
588854,-22.50
588967,-22.60
589080,-22.00
589193,-22.70
589306,-21.90
589419,-22.10
589532,-22.10
589645,-22.20
589758,-23.40
589871,-22.30
589984,-22.60
590097,-22.30
590210,-22.80
590323,-22.30
590436,-22.50
590549,-22.60
590662,-22.50
590775,-22.50
590888,-23.30
591001,-21.90
591114,-22.60
591227,-22.60
591340,-21.90
591453,-22.20
591566,-22.40
591679,-22.50
591792,-22.80
591905,-22.60
592018,-23.10
592131,-22.60
592244,-22.50
592357,-22.50
592470,-22.10
592583,-22.60
592696,-22.50
592809,-22.20
592922,-22.60
593035,-22.10
593148,-23.40
593261,-22.00
593374,-22.00
593487,-21.80
593600,-22.60
593713,-22.60
593826,-22.30
593939,-22.50
594052,-22.10
594165,-22.60
594278,-22.80
594391,-22.40
594504,-22.60
594617,-22.50
594730,-22.10
594843,-22.70
594956,-22.60
595069,-22.60
595182,-22.30
595295,-22.60
595408,-23.50
595521,-21.90
595634,-22.60
595747,-22.40
595860,-22.00
595973,-22.00
596086,-22.50
596199,-22.00
596312,-22.50
596425,-22.60
596538,-23.00
596651,-22.70
596764,-22.60
596877,-22.20
596990,-22.20
597103,-22.10
597216,-22.50
597329,-22.40
597442,-22.30
597555,-22.60
597668,-23.00
597781,-22.20
597894,-22.50
598007,-22.70
598120,-22.30
598233,-22.10
598346,-22.60
598459,-22.60
598572,-22.10
598685,-22.70
598798,-22.80
598911,-22.70
599024,-22.50
599137,-22.00
599250,-22.80
599363,-21.90
599476,-22.50
599589,-22.00
599702,-22.50
599815,-22.60
599928,-23.70
600041,-22.50
600154,-22.50
600267,-22.60
600380,-22.50
600493,-22.20
600606,-22.00
600719,-22.50
600832,-22.50
600945,-22.50
601058,-22.60
601171,-22.30
601284,-22.00
601397,-22.50
601510,-22.80
601623,-22.60
601736,-21.90
601849,-22.10
601962,-22.20
602075,-22.10
602188,-23.80
602301,-22.60
602414,-22.40
602527,-22.50
602640,-22.20
602753,-22.50
602866,-21.90
602979,-22.70
603092,-22.10
603205,-22.10
603318,-22.30
603431,-22.50
603544,-21.90
603657,-22.60
603770,-21.80
603883,-22.30
603996,-22.40
604109,-22.50
604222,-22.20
604335,-22.50
604448,-23.70
604561,-22.00
604674,-22.20
604787,-22.50
604900,-22.50
605013,-21.80
605126,-22.50
605239,-22.10
605352,-22.60
605465,-22.60
605578,-22.80
605691,-22.10
605804,-22.30
605917,-22.60
606030,-22.40
606143,-22.80
606256,-22.00
606369,-22.30
606482,-22.20
606595,-22.60
606708,-23.20
606821,-22.70
606934,-21.90
607047,-22.80
607160,-21.90
607273,-22.50
607386,-22.50
607499,-22.60
607612,-22.50
607725,-22.50
607838,-22.80
607951,-22.00
608064,-22.80
608177,-22.70
608290,-22.60
608403,-22.10
608516,-22.60
608629,-22.50
608742,-22.70
608855,-22.80
608968,-23.70
609081,-22.30
609194,-22.50
609307,-22.70
609420,-22.30
609533,-22.60
609646,-22.30
609759,-22.10
609872,-22.10
609985,-22.70
610098,-23.00
610211,-22.50
610324,-22.10
610437,-22.50
610550,-22.60
610663,-22.50
610776,-22.30
610889,-22.10
611002,-22.10
611115,-22.00
611228,-23.00
611341,-22.50
611454,-22.10
611567,-22.00
611680,-22.80
611793,-22.20
611906,-22.00
612019,-22.50
612132,-22.50
612245,-22.50
612358,-22.60
612471,-22.50
612584,-22.00
612697,-22.10
612810,-22.50
612923,-22.50
613036,-22.50
613149,-22.70
613262,-22.00
613375,-22.30
613488,-22.80
613601,-22.50
613714,-22.60
613827,-22.60
613940,-22.60
614053,-22.80
614166,-22.30
614279,-22.60
614392,-22.50
614505,-22.50
614618,-22.70
614731,-22.00
614844,-22.50
614957,-22.60
615070,-22.60
615183,-22.50
615296,-22.50
615409,-22.60
615522,-22.70
615635,-22.30
615748,-23.40
615861,-22.50
615974,-22.20
616087,-22.60
616200,-22.50
616313,-22.70
616426,-22.50
616539,-22.00
616652,-22.60
616765,-22.50
616878,-22.50
616991,-21.80
617104,-22.50
617217,-22.50
617330,-22.50
617443,-22.00
617556,-22.60
617669,-22.80
617782,-21.90
617895,-22.50
618008,-23.60
618121,-22.20
618234,-22.50
618347,-22.60
618460,-22.70
618573,-22.20
618686,-22.80
618799,-22.10
618912,-22.50
619025,-22.30
619138,-23.00
619251,-22.40
619364,-22.70
619477,-22.20
619590,-22.50
619703,-22.70
619816,-22.50
619929,-22.00
620042,-22.40
620155,-22.50
620268,-23.10
620381,-22.40
620494,-22.10
620607,-22.30
620720,-22.70
620833,-22.30
620946,-22.50
621059,-22.60
621172,-22.00
621285,-22.60
621398,-23.70
621511,-22.00
621624,-22.60
621737,-21.90
621850,-22.50
621963,-22.10
622076,-22.20
622189,-22.00
622302,-22.20
622415,-22.60
622528,-23.70
622641,-21.90
622754,-22.60
622867,-22.80
622980,-22.20
623093,-22.30
623206,-22.60
623319,-22.10
623432,-22.00
623545,-22.60
623658,-23.20
623771,-22.00
623884,-22.40
623997,-22.00
624110,-22.60
624223,-22.60
624336,-21.90
624449,-22.50
624562,-22.70
624675,-22.10
624788,-22.90
624901,-22.60
625014,-22.50
625127,-22.60
625240,-22.50
625353,-22.50
625466,-21.90
625579,-22.30
625692,-22.80
625805,-22.50
625918,-23.00
626031,-22.70
626144,-22.50
626257,-22.40
626370,-22.10
626483,-22.70
626596,-22.20
626709,-22.60
626822,-22.50
626935,-22.80
627048,-23.60
627161,-21.90
627274,-22.20
627387,-21.90
627500,-22.60
627613,-22.60
627726,-22.40
627839,-22.50
627952,-22.00
628065,-22.50
628178,-22.90
628291,-22.00
628404,-22.60
628517,-22.70
628630,-22.60
628743,-22.80
628856,-22.60
628969,-22.50
629082,-22.10
629195,-22.10
629308,-23.40
629421,-22.50
629534,-22.50
629647,-22.40
629760,-22.50
629873,-22.30
629986,-22.50
630099,-22.20
630212,-22.00
630325,-22.60
630438,-23.00
630551,-21.90
630664,-22.60
630777,-22.00
630890,-22.50
631003,-22.50
631116,-22.10
631229,-22.40
631342,-22.60
631455,-22.30
631568,-23.30
631681,-22.50
631794,-22.50
631907,-21.90
632020,-22.10
632133,-21.90
632246,-21.90
632359,-22.00
632472,-22.60
632585,-22.30
632698,-22.50
632811,-22.60
632924,-22.50
633037,-21.90
633150,-22.50
633263,-22.30
633376,-22.20
633489,-21.90
633602,-22.50
633715,-22.20
633828,-23.10
633941,-22.10
634054,-22.70
634167,-22.60
634280,-22.60
634393,-22.60
634506,-22.50
634619,-22.30
634732,-22.50
634845,-22.60
634958,-23.10
635071,-22.40
635184,-22.70
635297,-22.30
635410,-22.00
635523,-22.70
635636,-22.50
635749,-22.70
635862,-22.50
635975,-22.50
636088,-23.50
636201,-22.00
636314,-22.50
636427,-22.50
636540,-22.50
636653,-22.80
636766,-22.60
636879,-22.10
636992,-22.00
637105,-22.60
637218,-23.20
637331,-21.90
637444,-22.20
637557,-22.60
637670,-22.30
637783,-22.80
637896,-22.50
638009,-22.80
638122,-22.20
638235,-22.50
638348,-23.50
638461,-22.20
638574,-22.10
638687,-22.60
638800,-21.90
638913,-22.00
639026,-22.50
639139,-22.00
639252,-22.50
639365,-22.00
639478,-23.20
639591,-22.80
639704,-22.50
639817,-22.80
639930,-22.00
640043,-22.00
640156,-22.50
640269,-22.50
640382,-22.10
640495,-22.00
640608,-23.40
640721,-22.70
640834,-22.20
640947,-22.20
641060,-22.00
641173,-22.40
641286,-22.60
641399,-22.00
641512,-22.20
641625,-22.70
641738,-23.10
641851,-22.60
641964,-22.50
642077,-22.70
642190,-22.20
642303,-22.80
642416,-22.60
642529,-22.70
642642,-22.10
642755,-22.30
642868,-23.00
642981,-22.00
643094,-22.50
643207,-22.10
643320,-22.80
643433,-22.70
643546,-22.10
643659,-22.10
643772,-21.80
643885,-22.50
643998,-22.90
644111,-22.80
644224,-22.10
644337,-22.10
644450,-22.50
644563,-22.20
644676,-22.60
644789,-22.00
644902,-22.70
645015,-22.00
645128,-23.50
645241,-21.90
645354,-22.20
645467,-21.90
645580,-22.10
645693,-22.60
645806,-22.70
645919,-22.10
646032,-22.50
646145,-21.90
646258,-22.70
646371,-22.40
646484,-22.50
646597,-22.50
646710,-22.30
646823,-22.30
646936,-22.70
647049,-22.30
647162,-22.50
647275,-22.30
647388,-23.40
647501,-22.30
647614,-22.50
647727,-22.20
647840,-22.10
647953,-22.30
648066,-22.00
648179,-22.50
648292,-22.00
648405,-22.50
648518,-22.50
648631,-22.50
648744,-21.90
648857,-22.40
648970,-22.30
649083,-22.20
649196,-21.80
649309,-22.20
649422,-22.80
649535,-22.30
649648,-22.80
649761,-22.20
649874,-22.60
649987,-21.80
650100,-22.40
650213,-22.50
650326,-22.50
650439,-22.60
650552,-22.60
650665,-22.60
650778,-22.60
650891,-22.40
651004,-22.00
651117,-22.20
651230,-22.40
651343,-22.70
651456,-22.50
651569,-22.00
651682,-22.50
651795,-22.60
651908,-23.20
652021,-22.60
652134,-22.00
652247,-22.60
652360,-22.50
652473,-22.70
652586,-22.20
652699,-22.50
652812,-22.00
652925,-22.80
653038,-23.30
653151,-22.30
653264,-22.20
653377,-22.80
653490,-22.30
653603,-22.50
653716,-22.60
653829,-21.90
653942,-22.00
654055,-22.20
654168,-23.50
654281,-22.50
654394,-22.50
654507,-22.50
654620,-22.60
654733,-22.30
654846,-22.60
654959,-22.80
655072,-21.90
655185,-22.00
655298,-23.00
655411,-22.10
655524,-22.50
655637,-22.60
655750,-22.10
655863,-22.60
655976,-22.60
656089,-22.50
656202,-22.60
656315,-22.70
656428,-23.70
656541,-22.80
656654,-22.10
656767,-22.10
656880,-22.50
656993,-22.80
657106,-22.50
657219,-22.60
657332,-22.60
657445,-22.60
657558,-23.30
657671,-22.60
657784,-22.50
657897,-22.00
658010,-22.50
658123,-22.10
658236,-22.10
658349,-21.90
658462,-22.50
658575,-22.70
658688,-22.80
658801,-22.50
658914,-22.40
659027,-22.00
659140,-22.50
659253,-22.60
659366,-22.60
659479,-22.60
659592,-22.60
659705,-22.80
659818,-23.20
659931,-22.00
660044,-22.80
660157,-22.30
660270,-22.20
660383,-22.50
660496,-22.60
660609,-22.50
660722,-22.50
660835,-22.00
660948,-22.60
661061,-22.60
661174,-22.00
661287,-22.70
661400,-22.00
661513,-21.80
661626,-22.40
661739,-22.20
661852,-22.40
661965,-22.00
662078,-22.70
662191,-22.00
662304,-22.80
662417,-22.60
662530,-22.00
662643,-22.20
662756,-22.60
662869,-22.30
662982,-22.20
663095,-22.50
663208,-23.50
663321,-22.50
663434,-22.50
663547,-22.60
663660,-22.20
663773,-22.50
663886,-22.10
663999,-22.10
664112,-22.20
664225,-22.10
